age,income,loan_amount,credit_utilization,repayment_history,num_existing_loans,employment_type,age_group,label
59,32772,9627,0.7,6,3,Self-Employed,Senior,0
49,118754,61541,0.45,9,5,Self-Employed,Middle,1
35,18712,73226,0.89,0,0,Self-Employed,Middle,0
63,147439,8255,0.32,7,5,Unemployed,Senior,1
28,130142,62433,0.48,3,2,Self-Employed,Young,1
41,106736,10213,0.73,8,1,Salaried,Middle,1
59,66924,24404,0.67,0,1,Salaried,Senior,0
39,18726,30380,0.83,1,5,Self-Employed,Middle,0
43,104152,24173,0.95,5,5,Salaried,Middle,0
31,42723,58027,0.43,9,3,Salaried,Middle,1
31,141969,28989,0.15,0,5,Salaried,Middle,0
44,115494,29519,0.08,3,2,Self-Employed,Middle,1
56,50643,27439,0.7,7,5,Self-Employed,Senior,0
60,118896,19995,0.84,9,4,Self-Employed,Senior,1
44,108680,28559,0.25,4,2,Salaried,Middle,1
23,111546,10021,0.19,8,3,Self-Employed,Young,1
42,94973,26119,0.11,5,4,Self-Employed,Middle,1
22,78449,56539,0.79,0,4,Salaried,Young,0
44,124834,44350,0.33,5,1,Salaried,Middle,1
64,40537,51223,0.41,5,2,Salaried,Senior,0
50,92576,30517,0.5,5,4,Salaried,Senior,1
58,122522,27250,0.81,7,3,Self-Employed,Senior,1
22,37612,71798,0.64,5,1,Salaried,Young,0
41,21471,59199,0.6,4,4,Unemployed,Middle,0
53,46348,64546,0.21,1,2,Salaried,Senior,0
32,16177,8327,0.51,3,1,Salaried,Middle,0
42,47779,34768,0.69,9,2,Salaried,Middle,1
64,36636,69418,0.93,4,2,Salaried,Senior,0
45,96889,47788,0.23,9,2,Salaried,Middle,1
47,68551,51830,0.06,3,1,Salaried,Middle,1
62,61819,57446,0.12,1,4,Salaried,Senior,0
48,88770,20160,0.39,6,5,Salaried,Middle,1
36,93714,61583,0.79,9,0,Self-Employed,Middle,1
35,39596,38998,0.06,9,4,Salaried,Middle,1
64,79106,32230,0.46,1,1,Salaried,Senior,0
23,74182,14076,0.35,0,0,Self-Employed,Young,0
57,102163,74341,0.1,4,0,Salaried,Senior,1
27,54310,36085,0.46,0,0,Self-Employed,Young,0
41,71088,60571,0.28,0,5,Unemployed,Middle,0
29,143803,19715,0.37,0,3,Salaried,Young,1
59,51914,10750,0.69,5,1,Unemployed,Senior,0
38,125350,40903,0.52,8,5,Self-Employed,Middle,1
24,60379,77489,0.16,9,5,Unemployed,Young,0
45,61413,37093,0.92,0,3,Self-Employed,Middle,0
34,22151,39314,0.62,4,0,Salaried,Middle,0
29,72716,53225,0.74,8,3,Self-Employed,Young,1
46,108747,40179,0.12,8,3,Salaried,Middle,1
22,136999,30338,0.09,0,5,Salaried,Young,1
40,129793,74681,0.07,7,1,Salaried,Middle,1
48,123177,37101,0.22,0,2,Salaried,Middle,1
27,27289,7775,0.42,7,3,Salaried,Young,1
64,101365,50619,0.89,0,3,Self-Employed,Senior,0
28,129014,50838,0.46,4,0,Unemployed,Young,1
55,87588,24539,0.31,7,0,Salaried,Senior,1
34,78646,62124,0.56,5,5,Unemployed,Middle,0
37,18654,70149,0.15,8,0,Unemployed,Middle,0
56,33743,31616,0.6,0,4,Salaried,Senior,0
60,63368,59567,0.56,8,3,Salaried,Senior,1
24,134735,42099,0.76,0,0,Self-Employed,Young,1
22,134891,66799,0.94,9,1,Self-Employed,Young,1
26,122971,30479,0.28,9,4,Self-Employed,Young,1
62,27149,51172,0.51,2,5,Self-Employed,Senior,0
24,115102,60863,0.87,0,2,Salaried,Young,0
49,74189,47043,0.76,2,3,Salaried,Middle,0
38,86031,20408,0.49,1,3,Salaried,Middle,0
46,57668,62980,0.9,1,1,Salaried,Middle,0
64,103204,21351,0.1,8,2,Self-Employed,Senior,1
54,52384,9131,0.89,7,2,Self-Employed,Senior,0
30,96929,49825,0.1,0,5,Salaried,Middle,0
56,142959,16349,0.54,3,5,Unemployed,Senior,0
34,91153,65931,0.85,0,4,Salaried,Middle,0
51,90388,49254,0.29,0,3,Self-Employed,Senior,0
35,46401,43225,0.48,3,0,Self-Employed,Middle,0
28,134503,17453,0.34,1,5,Unemployed,Young,0
34,142834,23814,0.91,2,1,Self-Employed,Middle,1
43,49084,23263,0.79,8,1,Salaried,Middle,1
60,125641,20735,0.69,1,1,Unemployed,Senior,0
41,120111,20830,0.58,3,5,Self-Employed,Middle,0
36,51041,52893,0.79,0,5,Salaried,Middle,0
38,103920,49673,0.4,1,1,Self-Employed,Middle,0
44,80681,50066,0.45,4,5,Self-Employed,Middle,0
46,96571,8373,0.71,9,0,Salaried,Middle,1
45,142556,15335,0.37,0,0,Salaried,Middle,1
61,41160,28741,0.11,6,4,Self-Employed,Senior,0
49,32633,15692,0.12,3,3,Self-Employed,Middle,0
35,32014,52295,0.15,5,0,Salaried,Middle,1
21,95532,50541,0.83,7,4,Salaried,Young,1
45,64104,39057,0.48,5,2,Salaried,Middle,0
27,92231,71983,0.69,1,3,Self-Employed,Young,0
29,83388,24583,0.4,0,0,Self-Employed,Young,0
44,31014,27765,0.28,7,2,Salaried,Middle,1
21,107578,64287,0.36,7,4,Salaried,Young,1
64,55390,28906,0.76,8,0,Salaried,Senior,1
28,38711,51525,0.61,5,0,Self-Employed,Young,0
44,106658,43230,0.89,0,5,Salaried,Middle,0
31,72993,24520,0.66,8,2,Salaried,Middle,1
37,22421,56934,0.56,2,0,Salaried,Middle,0
28,32727,30566,0.6,5,1,Self-Employed,Young,0
55,127418,78193,0.9,9,5,Salaried,Senior,1
55,19358,35134,0.76,9,5,Salaried,Senior,0
53,80108,15345,0.07,8,0,Unemployed,Senior,1
25,109018,46185,0.53,2,5,Salaried,Young,0
62,139457,75744,0.67,4,3,Salaried,Senior,1
59,46910,38455,0.72,4,2,Unemployed,Senior,0
61,141888,33018,0.24,9,3,Salaried,Senior,1
48,70754,59219,0.83,6,4,Salaried,Middle,1
27,124847,50991,0.91,3,3,Salaried,Young,0
29,53467,78616,0.26,3,1,Self-Employed,Young,0
28,48893,14486,0.84,6,5,Salaried,Young,0
32,91329,43862,0.14,8,5,Self-Employed,Middle,1
54,46007,63870,0.1,3,1,Salaried,Senior,0
53,69253,48856,0.17,3,5,Salaried,Senior,0
43,27323,36379,0.1,5,3,Self-Employed,Middle,0
44,126335,69729,0.81,5,4,Unemployed,Middle,0
57,127356,33378,0.1,6,0,Salaried,Senior,1
55,125944,59353,0.29,0,1,Self-Employed,Senior,1
64,31456,54996,0.14,2,3,Salaried,Senior,0
60,46367,19031,0.32,8,3,Salaried,Senior,1
42,69624,70982,0.13,5,3,Salaried,Middle,1
47,83008,41683,0.65,5,0,Self-Employed,Middle,1
55,140926,22618,0.17,4,2,Salaried,Senior,1
21,130395,11587,0.82,2,5,Salaried,Young,1
55,131492,67790,0.79,4,5,Salaried,Senior,1
57,87240,36480,0.06,0,4,Salaried,Senior,0
34,79315,25527,0.86,2,2,Unemployed,Middle,0
23,25756,28569,0.08,3,5,Unemployed,Young,0
21,51378,16151,0.27,4,4,Self-Employed,Young,0
25,140703,76094,0.08,9,4,Salaried,Young,1
46,71549,64174,0.35,8,3,Salaried,Middle,1
34,88794,49739,0.51,3,1,Self-Employed,Middle,0
59,60113,37954,0.77,2,3,Unemployed,Senior,0
47,89069,40303,0.35,9,0,Salaried,Middle,1
29,140541,39700,0.68,0,5,Self-Employed,Young,0
35,24686,72568,0.22,9,4,Unemployed,Middle,0
35,68363,71788,0.73,5,1,Self-Employed,Middle,0
46,112543,76045,0.26,6,5,Salaried,Middle,1
62,146733,42842,0.18,9,4,Salaried,Senior,1
33,110673,18900,0.22,7,4,Salaried,Middle,1
52,57828,6881,0.21,0,3,Salaried,Senior,0
59,63604,38037,0.51,3,1,Salaried,Senior,0
52,25526,6630,0.81,4,1,Salaried,Senior,0
24,83910,25789,0.12,1,5,Self-Employed,Young,0
50,40592,51151,0.69,0,4,Salaried,Senior,0
57,43982,53920,0.64,7,1,Salaried,Senior,1
43,15207,72231,0.84,5,1,Self-Employed,Middle,0
59,103733,8262,0.27,4,5,Self-Employed,Senior,0
35,139982,71981,0.46,8,3,Self-Employed,Middle,1
63,83619,59722,0.88,1,2,Salaried,Senior,0
49,61479,55818,0.64,9,0,Self-Employed,Middle,1
56,96437,34932,0.4,7,2,Salaried,Senior,1
33,113540,11901,0.17,9,1,Salaried,Middle,1
52,87982,13597,0.29,8,4,Self-Employed,Senior,1
27,117747,68909,0.57,0,0,Salaried,Young,1
42,63231,77391,0.7,6,0,Salaried,Middle,1
48,44301,13263,0.16,7,4,Salaried,Middle,1
22,33752,68293,0.59,2,0,Salaried,Young,0
62,113452,30805,0.55,3,4,Salaried,Senior,1
26,136237,16874,0.51,2,0,Self-Employed,Young,1
48,71273,19079,0.67,6,5,Salaried,Middle,1
48,106878,54850,0.8,8,5,Unemployed,Middle,0
64,19895,77779,0.34,2,2,Salaried,Senior,0
64,134968,14018,0.85,5,0,Salaried,Senior,1
40,130700,54500,0.19,7,3,Salaried,Middle,1
50,91559,17100,0.21,5,4,Salaried,Senior,1
31,25699,62021,0.29,1,0,Self-Employed,Middle,0
48,24715,24800,0.16,6,5,Salaried,Middle,0
45,34169,68400,0.26,1,5,Salaried,Middle,0
59,133413,34437,0.15,1,4,Self-Employed,Senior,0
53,134264,51675,0.79,1,3,Salaried,Senior,0
21,20782,24942,0.18,0,0,Self-Employed,Young,0
47,139481,25862,0.72,0,0,Self-Employed,Middle,0
33,50585,16669,0.09,6,3,Salaried,Middle,1
61,45682,58772,0.9,4,3,Salaried,Senior,0
23,144992,20916,0.69,2,3,Salaried,Young,1
59,99416,15878,0.06,0,5,Self-Employed,Senior,0
26,142810,7985,0.74,9,4,Salaried,Young,1
28,53067,78648,0.51,5,3,Salaried,Young,0
47,33073,46235,0.75,0,4,Salaried,Middle,0
29,51035,23931,0.52,8,2,Salaried,Young,1
57,105373,5336,0.63,1,0,Salaried,Senior,1
53,98362,47933,0.76,0,0,Self-Employed,Senior,0
62,105517,50536,0.41,6,1,Salaried,Senior,1
64,80450,74504,0.05,5,2,Unemployed,Senior,0
44,25382,56148,0.81,5,3,Self-Employed,Middle,0
35,76929,21279,0.39,4,3,Salaried,Middle,1
52,113864,73665,0.5,3,5,Salaried,Senior,0
52,40169,76386,0.06,3,2,Salaried,Senior,0
44,102468,79055,0.49,2,3,Self-Employed,Middle,0
61,49594,71670,0.94,9,1,Salaried,Senior,1
32,60033,59028,0.3,7,4,Unemployed,Middle,0
59,78133,76128,0.41,6,0,Self-Employed,Senior,1
22,88861,23108,0.67,8,2,Salaried,Young,1
23,46750,57495,0.78,0,0,Self-Employed,Young,0
57,55461,61830,0.43,6,4,Salaried,Senior,0
37,93222,79640,0.33,9,2,Self-Employed,Middle,1
22,127020,57509,0.89,3,4,Salaried,Young,0
22,39226,71406,0.66,6,3,Salaried,Young,0
48,21721,44519,0.16,0,3,Salaried,Middle,0
43,35609,54649,0.11,4,3,Self-Employed,Middle,0
57,145513,39524,0.49,2,4,Salaried,Senior,1
52,119211,38885,0.25,4,4,Unemployed,Senior,0
53,139865,49369,0.28,3,4,Salaried,Senior,1
21,89520,35676,0.84,1,0,Salaried,Young,0
39,79309,69093,0.13,3,4,Salaried,Middle,0
22,44984,52764,0.69,2,3,Salaried,Young,0
64,133947,55799,0.29,0,1,Salaried,Senior,1
46,20901,77307,0.73,9,4,Salaried,Middle,0
52,46055,36923,0.7,7,1,Self-Employed,Senior,0
26,129099,52574,0.06,4,3,Salaried,Young,1
52,26138,48391,0.51,3,4,Salaried,Senior,0
24,38429,58664,0.18,9,0,Salaried,Young,1
31,65200,72384,0.83,4,0,Self-Employed,Middle,0
37,116268,36027,0.83,3,1,Salaried,Middle,1
58,32347,40464,0.43,2,5,Salaried,Senior,0
44,46822,39485,0.45,4,0,Salaried,Middle,0
25,55108,24456,0.32,3,0,Self-Employed,Young,0
54,143955,79795,0.69,0,0,Self-Employed,Senior,0
26,22967,40554,0.37,2,3,Salaried,Young,0
42,125719,51922,0.29,9,0,Salaried,Middle,1
31,26871,18409,0.44,9,2,Self-Employed,Middle,1
36,43179,74327,0.13,7,4,Unemployed,Middle,0
53,70099,41639,0.72,6,0,Self-Employed,Senior,0
29,50262,68627,0.06,1,5,Unemployed,Young,0
26,93213,24692,0.63,0,5,Self-Employed,Young,0
36,132407,59200,0.21,2,0,Self-Employed,Middle,1
49,101269,62415,0.26,4,0,Salaried,Middle,1
23,75545,23074,0.62,9,2,Salaried,Young,1
40,54922,20549,0.94,0,0,Salaried,Middle,0
56,57913,34963,0.75,2,0,Self-Employed,Senior,0
39,112033,57265,0.25,2,4,Unemployed,Middle,0
46,119792,21061,0.21,4,5,Self-Employed,Middle,1
23,134863,63226,0.83,2,2,Salaried,Young,1
39,59936,33810,0.45,8,5,Salaried,Middle,1
40,43141,65006,0.17,0,2,Salaried,Middle,0
52,112359,27800,0.83,3,5,Salaried,Senior,0
27,138279,74460,0.78,9,0,Self-Employed,Young,1
61,56568,62767,0.94,9,5,Unemployed,Senior,0
53,112539,33054,0.87,3,5,Salaried,Senior,0
60,61851,50397,0.82,0,2,Salaried,Senior,0
59,69823,18233,0.1,1,1,Self-Employed,Senior,0
38,38312,30068,0.14,0,2,Salaried,Middle,0
60,113723,70727,0.56,5,2,Self-Employed,Senior,1
21,27411,75453,0.53,2,2,Salaried,Young,0
31,72009,30832,0.46,6,3,Salaried,Middle,1
48,47371,18682,0.41,4,3,Salaried,Middle,0
45,72022,28383,0.44,8,3,Salaried,Middle,1
43,86229,63160,0.56,6,2,Salaried,Middle,1
51,114071,28666,0.05,3,1,Salaried,Senior,1
50,111774,63817,0.28,4,2,Salaried,Senior,1
62,41715,39642,0.52,4,0,Salaried,Senior,0
55,42605,46830,0.7,4,1,Salaried,Senior,0
27,114853,15234,0.21,9,3,Salaried,Young,1
36,46174,62616,0.54,8,5,Salaried,Middle,0
46,91373,14221,0.69,9,5,Self-Employed,Middle,1
22,84252,16410,0.45,2,4,Unemployed,Young,0
21,85017,66413,0.07,5,1,Salaried,Young,1
32,78037,6051,0.45,7,3,Salaried,Middle,1
25,104818,61563,0.32,8,1,Salaried,Young,1
57,21548,49757,0.89,6,1,Salaried,Senior,0
52,131981,56257,0.16,2,5,Self-Employed,Senior,1
29,39022,5307,0.64,0,2,Self-Employed,Young,0
61,121297,61889,0.1,3,0,Self-Employed,Senior,1
55,75428,73895,0.45,5,4,Salaried,Senior,0
39,74353,40944,0.55,2,3,Salaried,Middle,0
36,128132,43134,0.32,0,1,Unemployed,Middle,0
23,31052,32323,0.46,5,4,Salaried,Young,0
40,115689,76762,0.2,0,1,Salaried,Middle,1
44,146743,30954,0.32,8,5,Unemployed,Middle,1
53,15163,60021,0.61,0,0,Self-Employed,Senior,0
44,56424,75427,0.32,5,5,Self-Employed,Middle,0
31,37420,9992,0.86,0,4,Salaried,Middle,0
28,135575,6961,0.62,6,3,Salaried,Young,1
56,44300,17497,0.44,2,1,Salaried,Senior,0
58,104881,37551,0.08,5,0,Self-Employed,Senior,1
60,25749,60755,0.5,6,5,Salaried,Senior,0
40,119131,18255,0.74,0,4,Self-Employed,Middle,0
55,143563,9567,0.29,0,5,Self-Employed,Senior,1
45,52487,53847,0.78,4,1,Salaried,Middle,0
55,36223,53003,0.28,5,1,Salaried,Senior,1
45,87930,25389,0.79,8,3,Salaried,Middle,1
49,43380,49523,0.13,0,0,Self-Employed,Middle,0
38,41035,66576,0.83,3,2,Self-Employed,Middle,0
38,45620,48919,0.5,9,5,Self-Employed,Middle,0
22,132360,8358,0.32,7,1,Salaried,Young,1
55,68352,10698,0.29,9,4,Salaried,Senior,1
36,18191,71809,0.44,8,5,Self-Employed,Middle,0
61,105536,60805,0.95,2,3,Salaried,Senior,0
56,119576,36349,0.25,1,3,Self-Employed,Senior,0
53,18631,55248,0.14,3,1,Self-Employed,Senior,0
24,57080,49041,0.58,1,1,Salaried,Young,0
53,105353,36954,0.49,0,1,Salaried,Senior,0
34,43671,13002,0.52,2,2,Salaried,Middle,0
41,137811,74783,0.65,6,1,Salaried,Middle,1
40,142734,24738,0.29,0,5,Self-Employed,Middle,0
28,66399,15703,0.87,1,5,Self-Employed,Young,0
27,22099,54422,0.44,0,0,Self-Employed,Young,0
23,71492,66899,0.17,7,4,Self-Employed,Young,1
37,111722,17392,0.72,4,1,Salaried,Middle,1
53,45111,49724,0.63,7,5,Salaried,Senior,0
32,78936,37299,0.33,2,5,Self-Employed,Middle,0
42,75920,20641,0.61,6,5,Salaried,Middle,0
42,78530,11305,0.25,7,2,Self-Employed,Middle,1
50,22788,23782,0.45,5,4,Self-Employed,Senior,0
58,43082,25566,0.86,6,3,Salaried,Senior,0
58,138287,72766,0.17,1,5,Salaried,Senior,1
28,104570,11511,0.4,7,1,Salaried,Young,1
47,116015,31177,0.79,4,5,Self-Employed,Middle,0
47,98588,9765,0.92,6,4,Salaried,Middle,1
54,103340,25354,0.46,0,3,Unemployed,Senior,0
41,109439,28929,0.51,4,2,Salaried,Middle,1
50,130053,33820,0.56,0,0,Unemployed,Senior,0
53,63355,34523,0.89,7,1,Salaried,Senior,1
48,140426,76088,0.82,3,0,Salaried,Middle,1
53,79027,71163,0.2,3,2,Self-Employed,Senior,0
25,107601,18780,0.44,1,4,Self-Employed,Young,0
39,44956,11589,0.47,4,4,Salaried,Middle,0
24,119797,39812,0.76,0,2,Self-Employed,Young,0
55,139917,50939,0.59,8,5,Self-Employed,Senior,1
37,141303,56493,0.64,4,2,Salaried,Middle,1
64,57533,45953,0.95,5,1,Salaried,Senior,0
48,93815,70785,0.12,1,3,Self-Employed,Middle,0
50,54279,24309,0.25,9,0,Salaried,Senior,1
49,124787,59195,0.42,9,0,Salaried,Middle,1
26,76063,30901,0.36,0,4,Self-Employed,Young,0
55,142896,28576,0.07,3,5,Salaried,Senior,1
61,112661,36508,0.13,6,4,Salaried,Senior,1
57,138257,79711,0.66,5,1,Unemployed,Senior,1
44,101205,30464,0.84,9,2,Salaried,Middle,1
49,21910,65281,0.51,0,0,Self-Employed,Middle,0
51,61857,21260,0.54,0,1,Self-Employed,Senior,0
55,49964,40440,0.28,7,4,Salaried,Senior,1
53,32153,61683,0.74,3,4,Salaried,Senior,0
41,74765,46430,0.73,4,0,Salaried,Middle,1
52,123212,6987,0.58,6,4,Salaried,Senior,1
43,54071,30105,0.24,7,5,Self-Employed,Middle,0
53,127990,18026,0.14,9,4,Self-Employed,Senior,1
23,84519,73309,0.11,6,3,Salaried,Young,1
38,24503,50927,0.58,1,2,Salaried,Middle,0
45,110457,62535,0.79,3,4,Salaried,Middle,0
62,60838,47946,0.82,9,3,Salaried,Senior,1
51,140200,61561,0.47,0,1,Salaried,Senior,1
23,104489,15377,0.76,9,4,Salaried,Young,1
60,41806,58592,0.9,8,5,Self-Employed,Senior,0
44,85119,12347,0.3,2,1,Salaried,Middle,1
52,53714,38776,0.41,2,4,Salaried,Senior,0
42,70419,8783,0.89,9,0,Self-Employed,Middle,1
43,120432,60798,0.35,8,3,Salaried,Middle,1
22,107949,9298,0.87,9,3,Salaried,Young,1
47,148533,75204,0.93,2,0,Salaried,Middle,1
62,91971,60161,0.65,7,2,Salaried,Senior,1
22,108471,65652,0.79,1,5,Salaried,Young,0
46,79946,39484,0.72,2,3,Unemployed,Middle,0
37,113989,25922,0.68,1,1,Salaried,Middle,0
60,99080,39028,0.33,0,5,Unemployed,Senior,0
53,92794,25316,0.1,1,3,Salaried,Senior,1
29,45841,21968,0.36,7,2,Salaried,Young,1
63,139447,35266,0.65,8,1,Salaried,Senior,1
59,135029,29000,0.14,1,5,Salaried,Senior,1
49,91272,19011,0.06,6,1,Salaried,Middle,1
62,52643,7866,0.18,4,0,Salaried,Senior,1
46,58950,10898,0.69,2,4,Salaried,Middle,0
55,115500,23395,0.93,8,0,Salaried,Senior,1
45,140588,44019,0.93,5,5,Salaried,Middle,1
44,30997,9006,0.49,0,4,Salaried,Middle,0
33,94751,39393,0.83,4,0,Salaried,Middle,1
27,113605,15956,0.71,6,4,Self-Employed,Young,1
56,70533,55042,0.5,3,3,Self-Employed,Senior,0
40,97566,11078,0.57,7,1,Salaried,Middle,1
21,123255,34631,0.17,9,4,Salaried,Young,1
28,73005,67901,0.89,4,3,Salaried,Young,0
36,58541,74497,0.37,8,2,Self-Employed,Middle,1
34,38387,46574,0.45,8,0,Salaried,Middle,1
32,108980,36417,0.65,8,2,Self-Employed,Middle,1
43,100457,70006,0.35,0,5,Salaried,Middle,0
35,79028,44454,0.28,1,3,Salaried,Middle,0
48,134246,6587,0.62,2,2,Salaried,Middle,1
54,70731,59710,0.07,3,2,Salaried,Senior,1
22,59638,23816,0.7,9,3,Self-Employed,Young,1
52,35567,34432,0.51,8,1,Salaried,Senior,1
43,72804,53617,0.6,9,4,Salaried,Middle,1
42,123821,77373,0.62,5,5,Salaried,Middle,1
45,18754,39217,0.52,0,5,Self-Employed,Middle,0
42,42044,25884,0.57,8,0,Salaried,Middle,1
42,82260,10454,0.67,5,4,Salaried,Middle,1
62,81912,79960,0.73,3,0,Salaried,Senior,0
26,23706,48618,0.7,3,5,Salaried,Young,0
35,23894,67671,0.83,2,4,Self-Employed,Middle,0
63,98986,52111,0.22,6,2,Salaried,Senior,1
57,96942,44613,0.41,2,1,Salaried,Senior,0
53,44725,64993,0.9,1,2,Salaried,Senior,0
28,119555,13848,0.41,9,1,Unemployed,Young,1
64,24496,71125,0.16,7,3,Salaried,Senior,0
64,71447,66602,0.52,3,0,Salaried,Senior,1
25,116604,77045,0.15,7,0,Unemployed,Young,1
59,103199,47222,0.23,0,3,Salaried,Senior,0
24,56321,54223,0.95,4,4,Unemployed,Young,0
26,70147,70333,0.54,8,3,Salaried,Young,1
52,106396,57732,0.31,0,5,Salaried,Senior,0
50,53787,54420,0.95,3,3,Self-Employed,Senior,0
55,36727,7462,0.92,5,1,Self-Employed,Senior,0
60,110081,14460,0.45,9,5,Salaried,Senior,1
36,137721,14275,0.28,7,3,Unemployed,Middle,1
33,83056,18269,0.8,2,0,Salaried,Middle,0
62,149153,70942,0.69,4,2,Self-Employed,Senior,1
50,95102,77920,0.67,6,1,Salaried,Senior,1
39,91865,27553,0.85,0,1,Salaried,Middle,0
37,82695,29366,0.67,6,4,Unemployed,Middle,0
39,132235,49036,0.31,7,2,Unemployed,Middle,1
48,123777,22369,0.67,7,1,Salaried,Middle,1
46,34033,16795,0.33,8,3,Salaried,Middle,1
57,41832,75021,0.73,5,1,Salaried,Senior,0
46,130725,73154,0.61,5,1,Salaried,Middle,1
43,34873,35143,0.12,1,1,Salaried,Middle,0
29,55372,34425,0.51,2,4,Salaried,Young,0
32,104464,10368,0.36,3,1,Salaried,Middle,1
21,132322,9621,0.35,3,1,Self-Employed,Young,1
21,115082,63829,0.59,7,4,Salaried,Young,1
54,20110,65294,0.34,0,5,Salaried,Senior,0
52,27087,19719,0.75,9,2,Salaried,Senior,1
45,97617,34227,0.11,3,5,Self-Employed,Middle,0
60,115483,12566,0.64,3,0,Salaried,Senior,1
21,24596,17306,0.78,0,4,Salaried,Young,0
36,122539,58822,0.66,2,4,Self-Employed,Middle,0
59,33313,29042,0.5,4,1,Self-Employed,Senior,0
25,128175,20086,0.91,5,1,Self-Employed,Young,1
42,129914,22387,0.32,8,0,Unemployed,Middle,1
49,38705,32042,0.07,8,1,Self-Employed,Middle,1
23,88445,56618,0.44,8,3,Self-Employed,Young,1
32,118892,23323,0.08,0,1,Salaried,Middle,1
46,17023,23019,0.91,8,1,Salaried,Middle,0
36,134654,45863,0.24,7,3,Salaried,Middle,1
57,95073,15283,0.76,1,0,Salaried,Senior,1
42,107197,23279,0.75,0,3,Salaried,Middle,0
49,79429,51999,0.25,0,4,Salaried,Middle,0
34,119195,67780,0.61,5,3,Self-Employed,Middle,1
48,48848,27908,0.09,8,2,Salaried,Middle,1
25,42766,66584,0.49,6,4,Salaried,Young,0
50,83099,55225,0.06,4,1,Unemployed,Senior,0
25,84122,42952,0.88,1,4,Salaried,Young,0
32,63868,42663,0.93,0,0,Salaried,Middle,0
36,134119,66381,0.25,1,0,Salaried,Middle,1
46,110286,52929,0.24,0,3,Self-Employed,Middle,0
46,21643,14343,0.73,2,4,Salaried,Middle,0
41,51727,44791,0.28,5,1,Self-Employed,Middle,1
59,124079,34134,0.86,7,0,Salaried,Senior,1
56,80697,52101,0.57,2,5,Salaried,Senior,0
53,31029,74443,0.37,9,1,Salaried,Senior,1
50,124458,62530,0.8,8,5,Self-Employed,Senior,1
57,125384,51799,0.49,9,2,Self-Employed,Senior,1
43,83926,9827,0.87,4,5,Self-Employed,Middle,0
30,70506,67653,0.89,6,0,Self-Employed,Middle,0
25,93229,18699,0.2,7,3,Salaried,Young,1
56,57092,10313,0.05,2,2,Self-Employed,Senior,0
54,77539,18598,0.94,1,4,Salaried,Senior,0
51,28428,33807,0.87,1,1,Self-Employed,Senior,0
30,72775,75423,0.1,4,0,Salaried,Middle,1
39,20469,74390,0.8,0,2,Salaried,Middle,0
52,43854,50226,0.46,1,2,Salaried,Senior,0
21,91256,64550,0.28,8,0,Salaried,Young,1
25,114134,8558,0.84,6,4,Salaried,Young,1
24,147723,55113,0.23,5,4,Self-Employed,Young,1
36,99730,57999,0.9,8,3,Salaried,Middle,1
44,42386,60878,0.24,6,5,Salaried,Middle,0
36,48787,41343,0.6,4,4,Self-Employed,Middle,0
22,36621,63219,0.25,8,3,Salaried,Young,1
48,92984,40186,0.54,5,5,Self-Employed,Middle,0
52,49051,41966,0.67,5,2,Salaried,Senior,0
47,64811,38769,0.22,3,0,Unemployed,Middle,0
40,45447,58218,0.52,0,4,Salaried,Middle,0
44,143046,24229,0.47,4,3,Salaried,Middle,1
32,99045,32877,0.11,8,2,Salaried,Middle,1
55,131859,63001,0.79,7,4,Salaried,Senior,1
53,18471,43084,0.35,7,1,Unemployed,Senior,0
53,135312,21806,0.57,4,2,Salaried,Senior,1
63,61850,42034,0.51,8,4,Salaried,Senior,1
57,69220,45317,0.51,2,2,Salaried,Senior,0
32,108808,60468,0.15,2,0,Self-Employed,Middle,1
23,68072,24094,0.43,0,0,Salaried,Young,0
21,98820,62796,0.46,8,0,Unemployed,Young,1
53,38284,15589,0.71,5,5,Salaried,Senior,0
60,98369,62221,0.81,1,1,Salaried,Senior,0
30,40122,6657,0.54,7,0,Salaried,Middle,1
63,145349,44531,0.13,8,1,Self-Employed,Senior,1
64,85553,57227,0.26,8,0,Self-Employed,Senior,1
49,109788,8164,0.2,1,5,Salaried,Middle,0
33,77812,46247,0.16,1,2,Salaried,Middle,0
32,22999,24601,0.38,6,4,Self-Employed,Middle,0
51,37436,55599,0.26,3,4,Salaried,Senior,0
22,57963,76545,0.25,0,0,Salaried,Young,0
55,148168,9552,0.1,7,4,Salaried,Senior,1
43,123899,14417,0.07,1,0,Salaried,Middle,1
37,41201,63579,0.14,2,0,Salaried,Middle,0
46,20105,73207,0.2,4,3,Salaried,Middle,0
28,132666,77055,0.44,2,3,Salaried,Young,1
49,109848,8722,0.51,6,3,Self-Employed,Middle,1
46,17839,75442,0.18,6,1,Salaried,Middle,0
30,83920,45031,0.43,1,3,Self-Employed,Middle,0
46,58619,26438,0.36,6,0,Salaried,Middle,1
54,57821,63819,0.22,5,5,Self-Employed,Senior,0
61,140736,48856,0.06,9,5,Salaried,Senior,1
27,32069,38576,0.47,8,2,Self-Employed,Young,0
24,22531,46938,0.67,8,3,Salaried,Young,0
31,82155,54028,0.25,1,5,Self-Employed,Middle,0
49,77424,64807,0.17,6,3,Salaried,Middle,1
56,60603,54877,0.85,4,2,Salaried,Senior,0
45,147503,48461,0.3,5,5,Unemployed,Middle,1
41,107573,45469,0.25,0,0,Salaried,Middle,1
56,118302,25435,0.82,6,1,Salaried,Senior,1
30,146234,19191,0.79,5,3,Unemployed,Middle,1
57,34675,32386,0.45,3,5,Salaried,Senior,0
29,88997,36721,0.49,0,5,Salaried,Young,0
44,22896,59786,0.25,8,2,Unemployed,Middle,0
55,64733,18704,0.12,3,0,Salaried,Senior,1
55,56800,61635,0.57,1,4,Self-Employed,Senior,0
56,111044,7123,0.14,7,5,Salaried,Senior,1
38,20347,67993,0.45,1,1,Self-Employed,Middle,0
59,148715,30416,0.9,4,2,Salaried,Senior,1
52,55785,6814,0.91,5,5,Unemployed,Senior,0
44,33681,55258,0.27,7,5,Salaried,Middle,0
43,118864,21508,0.61,0,2,Salaried,Middle,0
52,62299,40699,0.48,0,2,Self-Employed,Senior,0
57,32073,51335,0.84,3,3,Salaried,Senior,0
32,117304,51806,0.29,4,5,Self-Employed,Middle,0
33,45682,68768,0.05,8,4,Self-Employed,Middle,1
43,139302,40739,0.2,6,1,Salaried,Middle,1
45,130359,39785,0.36,6,0,Self-Employed,Middle,1
55,81707,36980,0.33,7,0,Salaried,Senior,1
61,80428,6609,0.76,4,4,Salaried,Senior,0
50,65601,71253,0.66,4,2,Salaried,Senior,0
37,148611,33141,0.32,0,2,Self-Employed,Middle,1
40,126487,35009,0.46,8,2,Salaried,Middle,1
45,43228,11782,0.14,5,5,Self-Employed,Middle,0
42,137788,30933,0.86,8,2,Salaried,Middle,1
33,112239,13307,0.89,2,2,Self-Employed,Middle,0
39,41928,43346,0.93,4,5,Salaried,Middle,0
56,33322,55772,0.83,1,5,Self-Employed,Senior,0
32,102896,77084,0.21,9,4,Salaried,Middle,1
61,77292,45149,0.09,4,3,Salaried,Senior,1
39,44055,32526,0.57,7,5,Salaried,Middle,0
32,57891,73477,0.87,1,1,Self-Employed,Middle,0
29,96912,10695,0.21,7,2,Salaried,Young,1
27,105536,44169,0.06,3,3,Self-Employed,Young,1
48,21304,52947,0.77,9,0,Salaried,Middle,1
34,22345,52224,0.12,9,4,Self-Employed,Middle,0
51,106006,50865,0.42,0,3,Salaried,Senior,0
39,144350,30553,0.66,4,5,Salaried,Middle,1
36,34446,65410,0.26,0,2,Salaried,Middle,0
25,17336,29816,0.13,6,2,Salaried,Young,0
55,77032,60026,0.74,7,2,Salaried,Senior,1
32,112852,55705,0.62,2,3,Unemployed,Middle,0
45,33474,66922,0.94,2,2,Unemployed,Middle,0
41,70718,78914,0.36,6,5,Self-Employed,Middle,0
56,59629,6881,0.11,3,3,Salaried,Senior,0
43,60232,44567,0.71,2,2,Salaried,Middle,0
36,101544,52365,0.52,7,0,Self-Employed,Middle,1
59,65669,75122,0.24,2,0,Salaried,Senior,0
62,84184,30006,0.75,6,1,Unemployed,Senior,0
59,28140,46198,0.23,1,2,Salaried,Senior,0
34,141468,27831,0.28,0,2,Unemployed,Middle,0
51,98457,21459,0.13,5,3,Salaried,Senior,1
25,29357,37443,0.41,7,3,Self-Employed,Young,0
55,126672,47316,0.43,0,2,Salaried,Senior,0
43,83673,69486,0.51,9,1,Self-Employed,Middle,1
49,136673,10877,0.69,8,2,Salaried,Middle,1
63,80633,44553,0.87,2,5,Self-Employed,Senior,0
31,111111,9922,0.17,2,3,Self-Employed,Middle,1
38,93258,9686,0.1,3,2,Salaried,Middle,1
32,84286,37766,0.07,0,3,Salaried,Middle,0
29,108269,37006,0.18,8,2,Salaried,Young,1
30,89071,36422,0.64,2,4,Salaried,Middle,0
64,45651,17205,0.7,9,3,Salaried,Senior,1
37,85202,28527,0.76,3,1,Salaried,Middle,1
58,63777,23443,0.27,0,4,Salaried,Senior,0
27,82263,21524,0.33,3,5,Self-Employed,Young,0
33,115158,33202,0.48,0,2,Self-Employed,Middle,0
60,25800,70552,0.11,4,5,Salaried,Senior,0
62,52823,51142,0.6,4,3,Self-Employed,Senior,0
29,78878,66692,0.94,6,4,Self-Employed,Young,0
47,33708,25855,0.37,7,5,Salaried,Middle,0
22,78870,65372,0.73,3,1,Salaried,Young,0
25,24283,30095,0.5,6,3,Salaried,Young,0
49,93707,43724,0.17,3,4,Self-Employed,Middle,0
57,20774,54241,0.57,2,5,Self-Employed,Senior,0
58,111468,57003,0.32,5,4,Salaried,Senior,1
39,111334,73379,0.08,3,4,Self-Employed,Middle,1
28,33133,20972,0.62,2,5,Salaried,Young,0
21,15781,27927,0.82,8,0,Salaried,Young,1
42,129586,71630,0.36,4,2,Self-Employed,Middle,1
37,42624,57347,0.4,6,3,Self-Employed,Middle,0
27,21823,74518,0.85,5,3,Salaried,Young,0
45,33489,50283,0.78,9,3,Salaried,Middle,1
24,44118,17205,0.69,4,4,Unemployed,Young,0
56,115417,17748,0.27,6,5,Salaried,Senior,1
26,96816,26097,0.87,5,2,Self-Employed,Young,1
51,28565,8092,0.19,9,1,Salaried,Senior,1
39,106179,58311,0.61,1,3,Salaried,Middle,0
64,38648,27692,0.08,2,5,Salaried,Senior,0
59,56971,28862,0.63,1,2,Salaried,Senior,0
47,33658,75469,0.3,2,2,Self-Employed,Middle,0
30,36253,9926,0.45,0,0,Salaried,Middle,0
46,103664,8969,0.36,7,5,Salaried,Middle,1
39,118850,40733,0.21,5,3,Salaried,Middle,1
59,148623,74855,0.61,1,4,Salaried,Senior,0
23,86947,46743,0.84,7,2,Unemployed,Young,0
33,76001,44876,0.91,5,2,Self-Employed,Middle,0
48,137775,25323,0.22,6,1,Salaried,Middle,1
40,48243,21428,0.7,0,0,Self-Employed,Middle,0
48,90939,39578,0.65,6,2,Self-Employed,Middle,1
28,72828,69140,0.36,2,2,Self-Employed,Young,0
61,21710,11364,0.07,7,4,Salaried,Senior,0
59,52991,40349,0.67,5,4,Salaried,Senior,0
21,100445,5691,0.9,3,1,Salaried,Young,1
23,95257,71467,0.62,7,5,Self-Employed,Young,1
33,52711,50896,0.44,8,1,Self-Employed,Middle,1
48,21530,62062,0.52,9,1,Salaried,Middle,1
45,26116,18861,0.23,1,4,Salaried,Middle,0
53,80794,68928,0.73,5,5,Salaried,Senior,0
58,146354,46347,0.72,4,4,Salaried,Senior,1
26,147970,8121,0.18,4,0,Unemployed,Young,1
64,19135,33164,0.84,9,3,Salaried,Senior,0
52,124472,30491,0.29,2,3,Salaried,Senior,1
41,140147,64222,0.93,7,0,Unemployed,Middle,1
36,104087,28165,0.39,7,3,Salaried,Middle,1
41,48380,8748,0.21,4,5,Self-Employed,Middle,0
31,144951,31553,0.37,7,4,Salaried,Middle,1
57,32071,65380,0.45,9,3,Salaried,Senior,1
56,35074,49331,0.11,7,5,Salaried,Senior,0
55,82843,44560,0.57,2,4,Self-Employed,Senior,0
39,54901,58865,0.59,1,5,Salaried,Middle,0
40,26205,51686,0.72,8,0,Salaried,Middle,1
38,139661,9675,0.08,1,1,Self-Employed,Middle,1
61,20906,71706,0.54,8,0,Salaried,Senior,1
34,148663,15068,0.1,3,3,Salaried,Middle,1
35,140576,59460,0.68,1,4,Salaried,Middle,1
51,77987,51418,0.1,9,5,Salaried,Senior,1
21,95685,31206,0.87,0,3,Self-Employed,Young,0
23,125454,5287,0.68,3,3,Self-Employed,Young,1
36,120487,27337,0.51,8,1,Unemployed,Middle,1
43,69400,25666,0.45,8,3,Self-Employed,Middle,1
31,46852,6161,0.17,3,1,Salaried,Middle,1
32,67756,43751,0.31,8,4,Self-Employed,Middle,1
30,130357,19758,0.83,5,4,Salaried,Middle,1
52,134052,70780,0.86,0,5,Salaried,Senior,0
36,71481,8178,0.05,9,1,Salaried,Middle,1
28,16283,36831,0.58,5,0,Salaried,Young,0
58,48691,7176,0.7,8,4,Self-Employed,Senior,0
32,147197,38654,0.61,1,5,Salaried,Middle,1
44,41170,31627,0.12,5,0,Salaried,Middle,1
48,23438,57550,0.25,1,4,Salaried,Middle,0
28,35095,49910,0.28,3,4,Salaried,Young,0
48,24752,63251,0.8,7,5,Salaried,Middle,0
56,70426,40422,0.47,6,5,Self-Employed,Senior,0
46,41819,16984,0.49,8,2,Salaried,Middle,1
28,107051,66386,0.89,6,3,Self-Employed,Young,1
48,47994,12135,0.62,0,3,Salaried,Middle,0
48,112756,5320,0.86,1,0,Salaried,Middle,1
57,110665,26684,0.46,5,3,Self-Employed,Senior,1
61,146717,60913,0.18,6,0,Self-Employed,Senior,1
56,96835,26889,0.89,2,4,Salaried,Senior,0
47,137232,53899,0.46,8,2,Self-Employed,Middle,1
37,58732,15770,0.21,6,2,Unemployed,Middle,0
29,61305,44321,0.32,5,4,Unemployed,Young,0
53,24346,46777,0.1,5,5,Self-Employed,Senior,0
40,15587,51250,0.47,0,1,Self-Employed,Middle,0
33,27763,78034,0.82,4,1,Salaried,Middle,0
48,84615,45130,0.89,9,3,Self-Employed,Middle,1
49,135987,54346,0.89,2,5,Salaried,Middle,0
33,106353,7537,0.16,6,0,Unemployed,Middle,1
55,110648,20216,0.39,9,2,Salaried,Senior,1
26,40556,8009,0.08,2,3,Salaried,Young,0
38,74042,34327,0.82,4,4,Salaried,Middle,0
25,33099,19209,0.37,6,5,Salaried,Young,0
45,124089,53443,0.62,2,2,Salaried,Middle,0
22,48866,20029,0.69,9,0,Salaried,Young,1
30,120400,72613,0.44,1,0,Self-Employed,Middle,1
50,99246,61997,0.33,5,1,Self-Employed,Senior,1
25,91975,67559,0.92,7,3,Salaried,Young,1
53,96557,69892,0.92,3,4,Self-Employed,Senior,0
21,87516,75409,0.31,8,2,Salaried,Young,1
38,47602,13635,0.48,7,0,Salaried,Middle,1
52,144295,38065,0.93,6,2,Self-Employed,Senior,1
31,102969,38783,0.05,6,4,Self-Employed,Middle,1
41,147161,39152,0.42,2,2,Salaried,Middle,1
46,15155,63741,0.14,5,3,Salaried,Middle,0
45,138950,56502,0.51,4,1,Salaried,Middle,1
42,82494,34092,0.07,0,2,Salaried,Middle,0
47,91229,22653,0.42,2,5,Salaried,Middle,0
33,119648,45469,0.25,0,1,Unemployed,Middle,0
53,53547,64754,0.53,3,4,Self-Employed,Senior,0
54,43795,34978,0.95,9,1,Self-Employed,Senior,0
61,36447,48169,0.77,2,2,Salaried,Senior,0
55,102960,53287,0.81,3,2,Self-Employed,Senior,0
21,78278,59745,0.62,8,5,Salaried,Young,1
41,70077,10543,0.09,2,0,Salaried,Middle,1
26,127782,61392,0.24,5,5,Salaried,Young,1
48,117932,26067,0.88,5,2,Self-Employed,Middle,1
37,124869,56033,0.38,6,1,Unemployed,Middle,1
25,63781,50256,0.14,8,5,Salaried,Young,1
51,68798,74345,0.68,6,5,Salaried,Senior,0
25,113696,27191,0.32,0,0,Salaried,Young,1
58,65939,77742,0.29,7,2,Self-Employed,Senior,1
23,44516,33992,0.95,4,2,Salaried,Young,0
43,65290,53803,0.82,8,4,Salaried,Middle,0
57,141688,68477,0.42,9,0,Self-Employed,Senior,1
57,101661,18210,0.93,4,4,Salaried,Senior,0
30,87954,31270,0.64,4,4,Salaried,Middle,0
30,37746,67008,0.72,1,4,Salaried,Middle,0
39,82990,10197,0.08,2,3,Self-Employed,Middle,0
37,73810,12452,0.16,9,4,Salaried,Middle,1
41,133362,46486,0.62,8,5,Unemployed,Middle,0
34,148669,19859,0.86,6,1,Self-Employed,Middle,1
29,17659,32236,0.61,0,5,Salaried,Young,0
21,101516,36899,0.17,2,5,Salaried,Young,1
33,89567,37083,0.15,1,2,Salaried,Middle,0
24,30037,72708,0.81,0,3,Salaried,Young,0
21,141498,21663,0.18,8,4,Unemployed,Young,1
60,27109,24053,0.52,7,2,Self-Employed,Senior,0
52,37010,16085,0.08,4,0,Salaried,Senior,1
54,23787,35564,0.12,1,0,Salaried,Senior,0
48,76709,64095,0.66,0,2,Salaried,Middle,0
51,49518,74517,0.67,6,1,Salaried,Senior,1
28,68909,26153,0.36,1,2,Salaried,Young,0
59,33351,10247,0.24,0,2,Salaried,Senior,0
46,30282,15553,0.78,1,3,Unemployed,Middle,0
54,20075,25811,0.25,6,0,Salaried,Senior,0
23,43365,11135,0.54,6,0,Salaried,Young,1
32,26002,10573,0.92,9,4,Self-Employed,Middle,0
21,28947,12189,0.18,5,5,Salaried,Young,0
64,109840,48646,0.9,4,2,Salaried,Senior,1
25,131219,58687,0.21,2,2,Salaried,Young,1
50,93610,73312,0.56,2,1,Salaried,Senior,0
50,67142,32564,0.39,8,0,Unemployed,Senior,1
37,71307,33835,0.92,3,1,Unemployed,Middle,0
43,65085,66587,0.3,8,3,Unemployed,Middle,0
35,49228,12697,0.41,3,4,Self-Employed,Middle,0
57,58472,78922,0.93,1,1,Salaried,Senior,0
41,64437,22046,0.53,3,0,Unemployed,Middle,0
34,74711,62823,0.5,5,3,Unemployed,Middle,0
22,92175,78580,0.28,5,2,Salaried,Young,1
31,79307,58370,0.68,4,3,Salaried,Middle,0
59,61733,14615,0.06,0,5,Salaried,Senior,0
58,143202,10060,0.09,2,1,Salaried,Senior,1
54,110028,65519,0.59,4,0,Salaried,Senior,1
58,107493,76117,0.36,5,1,Unemployed,Senior,0
54,140149,66158,0.91,0,2,Unemployed,Senior,0
38,23259,39782,0.86,8,2,Salaried,Middle,1
50,143775,63255,0.69,2,0,Salaried,Senior,1
35,29849,77684,0.79,9,5,Self-Employed,Middle,0
47,96768,61918,0.65,2,4,Self-Employed,Middle,0
54,121108,30256,0.16,1,3,Salaried,Senior,1
58,104709,35005,0.74,7,3,Self-Employed,Senior,1
53,69869,11638,0.24,2,2,Self-Employed,Senior,0
44,141888,42419,0.34,5,1,Unemployed,Middle,1
35,78095,38377,0.79,1,1,Salaried,Middle,0
50,132886,48116,0.53,6,5,Salaried,Senior,1
62,85910,41634,0.82,3,4,Unemployed,Senior,0
37,38567,28382,0.24,8,1,Salaried,Middle,1
25,50292,61063,0.6,9,3,Self-Employed,Young,1
49,89813,27394,0.13,8,1,Salaried,Middle,1
24,112136,72789,0.63,6,4,Salaried,Young,1
30,66631,5864,0.74,7,3,Salaried,Middle,1
37,24885,45222,0.58,2,1,Salaried,Middle,0
30,81314,18666,0.29,4,3,Unemployed,Middle,0
37,80087,25955,0.08,1,2,Salaried,Middle,0
40,110998,74590,0.16,9,2,Self-Employed,Middle,1
44,64812,71471,0.61,6,5,Self-Employed,Middle,0
25,73643,48298,0.89,7,2,Salaried,Young,1
54,59900,68108,0.24,8,1,Self-Employed,Senior,1
26,31288,53924,0.71,6,4,Salaried,Young,0
22,87692,21709,0.83,9,3,Self-Employed,Young,1
33,100436,14726,0.52,9,0,Salaried,Middle,1
63,61403,65824,0.65,7,2,Salaried,Senior,1
63,106170,45542,0.78,8,2,Salaried,Senior,1
31,24168,25245,0.28,5,0,Self-Employed,Middle,0
43,64879,39753,0.32,9,0,Unemployed,Middle,1
36,74871,26316,0.05,1,1,Salaried,Middle,0
51,47174,20960,0.92,1,3,Salaried,Senior,0
31,125155,35791,0.88,3,2,Salaried,Middle,1
36,86853,30216,0.74,8,4,Self-Employed,Middle,1
28,79046,37467,0.12,6,1,Salaried,Young,1
24,64678,69427,0.45,1,1,Self-Employed,Young,0
60,41649,67047,0.14,7,4,Salaried,Senior,1
24,142795,78290,0.06,6,4,Salaried,Young,1
45,103668,52014,0.6,8,5,Self-Employed,Middle,1
23,104906,9078,0.91,7,4,Self-Employed,Young,1
52,111019,55519,0.86,2,0,Self-Employed,Senior,0
23,93002,9042,0.68,0,2,Salaried,Young,0
47,43803,54052,0.14,1,5,Self-Employed,Middle,0
49,45795,19389,0.3,1,0,Salaried,Middle,0
52,23770,73111,0.34,3,5,Unemployed,Senior,0
39,26093,55733,0.74,5,2,Salaried,Middle,0
41,146265,39754,0.77,3,5,Salaried,Middle,1
25,115311,23624,0.4,8,0,Salaried,Young,1
38,32569,31681,0.43,3,3,Salaried,Middle,0
48,26190,29704,0.09,5,2,Salaried,Middle,0
62,77824,12493,0.31,5,1,Self-Employed,Senior,1
42,57070,74639,0.46,9,2,Self-Employed,Middle,1
41,55197,59383,0.16,9,2,Unemployed,Middle,1
26,17261,7994,0.46,0,2,Salaried,Young,0
21,101795,74280,0.82,7,3,Salaried,Young,1
25,43933,52234,0.57,2,0,Self-Employed,Young,0
61,55583,52291,0.12,5,1,Salaried,Senior,1
32,127082,10594,0.22,2,0,Salaried,Middle,1
46,100371,12371,0.48,1,5,Self-Employed,Middle,0
54,126032,52315,0.38,4,5,Salaried,Senior,1
34,57604,21626,0.37,0,5,Salaried,Middle,0
46,110074,12130,0.53,8,0,Self-Employed,Middle,1
47,88869,11828,0.58,6,4,Salaried,Middle,1
29,20410,62514,0.77,2,3,Self-Employed,Young,0
46,98375,57664,0.36,3,4,Salaried,Middle,1
42,111055,22883,0.77,5,5,Self-Employed,Middle,0
50,101716,48059,0.35,2,3,Salaried,Senior,0
63,69245,47932,0.1,6,0,Self-Employed,Senior,1
37,58056,66269,0.55,5,5,Salaried,Middle,0
46,73557,7035,0.58,8,0,Self-Employed,Middle,1
56,32543,45745,0.89,4,3,Salaried,Senior,0
21,111038,22241,0.7,3,0,Salaried,Young,1
28,18828,57975,0.88,2,0,Self-Employed,Young,0
55,131656,28154,0.87,9,1,Salaried,Senior,1
35,32087,30625,0.59,0,4,Salaried,Middle,0
42,46337,49950,0.52,2,4,Salaried,Middle,0
34,80333,61396,0.55,2,4,Salaried,Middle,0
46,85448,18331,0.93,6,2,Salaried,Middle,1
48,19648,68927,0.75,6,1,Salaried,Middle,0
43,145576,68014,0.15,0,5,Salaried,Middle,1
34,48623,44346,0.75,2,5,Self-Employed,Middle,0
44,50634,75411,0.2,7,5,Salaried,Middle,0
22,129598,59478,0.45,8,4,Salaried,Young,1
46,64334,17254,0.24,6,4,Unemployed,Middle,0
34,83648,60734,0.67,6,1,Self-Employed,Middle,1
27,37054,33621,0.84,7,0,Salaried,Young,1
23,85028,51121,0.31,5,4,Salaried,Young,1
43,37207,65197,0.12,2,5,Unemployed,Middle,0
63,96554,47431,0.32,0,0,Salaried,Senior,0
38,98276,9837,0.66,6,4,Salaried,Middle,1
58,67781,76232,0.35,0,3,Salaried,Senior,0
55,76035,53994,0.3,0,2,Self-Employed,Senior,0
35,23210,17615,0.22,8,4,Salaried,Middle,0
45,59363,6466,0.5,9,3,Self-Employed,Middle,1
57,93279,35771,0.3,6,1,Self-Employed,Senior,1
48,149393,70911,0.71,3,3,Salaried,Middle,1
30,96348,25746,0.12,5,1,Self-Employed,Middle,1
59,128816,65739,0.65,0,4,Salaried,Senior,0
37,138053,78369,0.26,6,1,Salaried,Middle,1
59,81262,6893,0.49,5,3,Salaried,Senior,1
42,149832,35573,0.31,3,2,Salaried,Middle,1
46,82411,45874,0.7,6,0,Salaried,Middle,1
64,38377,38367,0.9,2,0,Salaried,Senior,0
45,53211,26199,0.88,0,2,Salaried,Middle,0
37,18744,79328,0.58,3,5,Salaried,Middle,0
33,39995,62724,0.47,2,0,Salaried,Middle,0
40,49542,41405,0.79,0,4,Self-Employed,Middle,0
45,25651,20989,0.66,1,5,Salaried,Middle,0
24,114239,33931,0.22,4,4,Self-Employed,Young,1
30,93931,14290,0.79,7,3,Salaried,Middle,1
23,117112,43367,0.44,0,3,Salaried,Young,0
61,31715,35133,0.22,3,5,Salaried,Senior,0
38,76350,32052,0.3,3,5,Salaried,Middle,0
56,86425,45475,0.29,4,5,Salaried,Senior,1
42,101120,62656,0.52,6,5,Salaried,Middle,1
54,129889,9633,0.26,7,1,Unemployed,Senior,1
28,89637,22304,0.16,5,5,Unemployed,Young,0
60,85194,51546,0.16,0,5,Salaried,Senior,0
64,91917,12008,0.57,6,3,Self-Employed,Senior,1
39,79200,53291,0.71,2,4,Salaried,Middle,0
62,120848,32405,0.34,5,3,Salaried,Senior,1
61,121022,41386,0.08,7,0,Self-Employed,Senior,1
57,75058,25827,0.16,6,1,Salaried,Senior,1
26,77068,38040,0.87,9,1,Salaried,Young,1
46,114932,65354,0.49,5,4,Salaried,Middle,1
54,37785,23157,0.46,8,5,Salaried,Senior,1
26,109475,40315,0.08,8,3,Salaried,Young,1
57,17282,40932,0.71,0,0,Salaried,Senior,0
53,82534,26164,0.53,0,3,Salaried,Senior,0
42,89964,19414,0.23,0,5,Salaried,Middle,0
41,134006,19327,0.15,7,5,Self-Employed,Middle,1
26,65583,5946,0.4,9,2,Salaried,Young,1
26,53392,19693,0.8,6,3,Self-Employed,Young,0
24,22461,32241,0.83,2,4,Self-Employed,Young,0
50,115123,20540,0.59,1,3,Self-Employed,Senior,0
31,25516,77255,0.7,3,1,Self-Employed,Middle,0
50,136251,69757,0.15,2,0,Salaried,Senior,1
51,77493,46203,0.58,6,4,Salaried,Senior,1
44,51027,30081,0.65,9,2,Salaried,Middle,1
29,108547,66861,0.23,7,0,Unemployed,Young,1
23,115127,16350,0.84,5,0,Salaried,Young,1
51,94003,60512,0.23,2,1,Salaried,Senior,1
60,54758,61809,0.33,5,1,Salaried,Senior,1
57,69312,47832,0.61,1,1,Unemployed,Senior,0
56,83670,33369,0.62,6,4,Salaried,Senior,1
44,97279,36728,0.68,9,3,Salaried,Middle,1
51,30434,22576,0.15,6,0,Salaried,Senior,1
26,90769,34001,0.81,3,3,Unemployed,Young,0
22,81677,5390,0.53,7,3,Salaried,Young,1
40,98555,50436,0.47,3,1,Salaried,Middle,1
48,143379,16569,0.93,6,3,Self-Employed,Middle,1
31,116665,18029,0.72,3,0,Salaried,Middle,1
24,83803,27490,0.16,4,0,Self-Employed,Young,1
35,106703,50875,0.73,6,5,Salaried,Middle,1
26,36312,10867,0.14,9,2,Salaried,Young,1
50,132961,14121,0.07,2,4,Self-Employed,Senior,1
58,55379,6539,0.41,9,3,Unemployed,Senior,0
22,32297,22027,0.94,4,4,Salaried,Young,0
35,17011,79229,0.21,2,4,Salaried,Middle,0
31,135234,13921,0.66,4,4,Self-Employed,Middle,1
28,59014,55435,0.21,2,5,Salaried,Young,0
46,109333,15310,0.7,9,4,Unemployed,Middle,1
64,26120,68965,0.5,6,5,Unemployed,Senior,0
25,37852,74922,0.66,0,0,Salaried,Young,0
26,94239,17242,0.23,8,3,Unemployed,Young,1
46,147001,13947,0.72,8,5,Salaried,Middle,1
24,106575,76466,0.95,4,2,Self-Employed,Young,0
39,110040,66816,0.65,8,4,Salaried,Middle,1
40,20744,53785,0.49,9,2,Self-Employed,Middle,1
53,57359,5507,0.88,5,0,Self-Employed,Senior,0
40,113746,71972,0.06,4,0,Self-Employed,Middle,1
32,135906,32151,0.71,2,1,Unemployed,Middle,0
21,22597,16618,0.85,7,4,Salaried,Young,0
46,62093,79286,0.11,3,1,Salaried,Middle,0
34,129650,21122,0.46,9,2,Self-Employed,Middle,1
58,135956,12354,0.23,2,3,Self-Employed,Senior,1
57,130598,35979,0.56,5,1,Unemployed,Senior,1
31,148241,57774,0.63,7,0,Unemployed,Middle,1
56,23036,10037,0.32,8,4,Salaried,Senior,1
33,46778,33633,0.46,5,2,Salaried,Middle,1
63,33800,29495,0.3,4,5,Salaried,Senior,0
23,40372,69550,0.38,1,0,Self-Employed,Young,0
53,76516,41483,0.19,1,5,Salaried,Senior,0
26,35538,78373,0.85,8,3,Self-Employed,Young,0
30,78918,39069,0.06,1,4,Salaried,Middle,0
25,86155,12370,0.84,1,3,Salaried,Young,0
43,74500,76947,0.56,2,3,Salaried,Middle,0
30,125659,44133,0.35,2,4,Salaried,Middle,1
64,42716,5692,0.7,3,4,Self-Employed,Senior,0
22,149308,33926,0.51,6,5,Salaried,Young,1
33,17352,78984,0.5,8,3,Salaried,Middle,0
60,148004,48390,0.15,1,2,Salaried,Senior,1
22,91449,54593,0.4,3,5,Self-Employed,Young,0
40,23556,10209,0.27,8,4,Self-Employed,Middle,0
21,101836,11533,0.06,1,0,Salaried,Young,1
57,65098,12211,0.37,9,5,Self-Employed,Senior,1
29,127169,14927,0.13,0,1,Salaried,Young,1
37,141060,29594,0.28,9,2,Salaried,Middle,1
29,145544,79852,0.13,7,5,Self-Employed,Young,1
31,15340,12933,0.14,8,4,Salaried,Middle,1
35,97302,45696,0.23,6,4,Self-Employed,Middle,1
44,15138,70449,0.95,7,2,Salaried,Middle,0
58,146430,72616,0.05,3,1,Unemployed,Senior,1
55,134619,11089,0.62,3,5,Salaried,Senior,1
50,100376,61548,0.18,1,5,Salaried,Senior,0
51,114931,31123,0.88,7,3,Unemployed,Senior,0
25,96532,12797,0.13,1,0,Salaried,Young,1
64,70778,55013,0.91,8,4,Salaried,Senior,1
34,52772,13346,0.6,3,5,Salaried,Middle,0
31,73478,38672,0.05,0,5,Salaried,Middle,0
29,41762,22653,0.85,3,5,Salaried,Young,0
54,70568,54556,0.52,2,1,Salaried,Senior,0
32,100090,31140,0.29,5,0,Self-Employed,Middle,1
55,35219,6184,0.74,6,5,Salaried,Senior,0
55,72169,39493,0.88,7,2,Self-Employed,Senior,1
21,89965,49148,0.49,1,4,Salaried,Young,0
60,99754,29846,0.33,5,3,Salaried,Senior,1
42,92988,27195,0.76,5,2,Salaried,Middle,1
49,147379,10606,0.66,9,4,Salaried,Middle,1
28,95388,8956,0.85,4,1,Salaried,Young,1
31,105768,21555,0.67,9,0,Salaried,Middle,1
61,50428,23690,0.27,9,0,Salaried,Senior,1
57,107021,63502,0.89,6,4,Salaried,Senior,1
34,133418,53849,0.14,2,2,Salaried,Middle,1
50,147212,31347,0.29,3,3,Salaried,Senior,1
55,41421,54056,0.52,9,1,Self-Employed,Senior,1
41,16708,68851,0.56,8,4,Salaried,Middle,0
57,149702,75211,0.06,3,1,Salaried,Senior,1
25,91021,46850,0.75,2,0,Salaried,Young,1
39,59789,32843,0.38,1,5,Salaried,Middle,0
34,41086,67320,0.42,4,5,Salaried,Middle,0
46,31859,34793,0.78,3,3,Unemployed,Middle,0
24,22684,44516,0.39,7,1,Self-Employed,Young,0
45,106088,22857,0.09,6,4,Self-Employed,Middle,1
62,147279,24627,0.21,5,3,Self-Employed,Senior,1
45,61099,66822,0.91,1,2,Salaried,Middle,0
38,81093,57248,0.11,2,5,Salaried,Middle,0
60,63651,60798,0.37,9,4,Self-Employed,Senior,1
28,28893,49116,0.5,8,1,Salaried,Young,1
59,81418,33557,0.49,8,3,Salaried,Senior,1
60,140074,76334,0.05,4,4,Self-Employed,Senior,1
34,118065,47614,0.5,2,3,Self-Employed,Middle,0
52,145351,17720,0.4,1,3,Salaried,Senior,1
58,53635,62608,0.92,7,3,Salaried,Senior,1
53,110071,77095,0.19,5,1,Self-Employed,Senior,1
43,93518,40892,0.37,9,4,Self-Employed,Middle,1
35,121233,5924,0.43,6,0,Self-Employed,Middle,1
53,118651,56322,0.4,0,0,Unemployed,Senior,0
45,87805,31478,0.65,0,1,Salaried,Middle,0
37,137813,76042,0.24,9,1,Salaried,Middle,1
53,94063,51418,0.25,1,5,Salaried,Senior,0
22,17454,67217,0.71,9,3,Salaried,Young,0
34,35878,78762,0.5,2,4,Unemployed,Middle,0
60,83344,16781,0.42,0,4,Unemployed,Senior,0
60,119946,10515,0.2,4,2,Salaried,Senior,1
59,51593,41133,0.22,2,2,Salaried,Senior,0
26,51304,14095,0.06,0,0,Salaried,Young,0
26,128613,25470,0.13,7,2,Self-Employed,Young,1
23,33354,48129,0.55,5,2,Salaried,Young,0
27,37190,13531,0.85,8,0,Salaried,Young,1
28,21142,42038,0.31,2,5,Salaried,Young,0
62,56862,47674,0.34,8,0,Salaried,Senior,1
35,140438,34831,0.15,8,2,Unemployed,Middle,1
49,63456,62174,0.4,0,4,Salaried,Middle,0
53,115167,16279,0.08,2,2,Salaried,Senior,1
50,97035,43220,0.88,5,3,Salaried,Senior,1
59,23016,65610,0.66,7,3,Salaried,Senior,0
47,17384,57719,0.94,3,3,Self-Employed,Middle,0
56,117239,58051,0.84,4,5,Salaried,Senior,0
49,126431,77013,0.48,8,1,Salaried,Middle,1
58,95018,61652,0.52,5,3,Self-Employed,Senior,1
53,55510,70524,0.22,6,4,Salaried,Senior,0
57,36826,11470,0.47,6,5,Self-Employed,Senior,0
47,83026,72598,0.86,3,1,Salaried,Middle,0
53,136668,46798,0.1,3,1,Salaried,Senior,1
24,39045,58473,0.83,3,3,Self-Employed,Young,0
42,105102,24880,0.36,4,2,Self-Employed,Middle,1
22,66919,49439,0.86,4,0,Salaried,Young,0
30,114441,19308,0.9,7,2,Salaried,Middle,1
25,133325,40081,0.65,8,2,Salaried,Young,1
30,34337,55383,0.65,1,1,Salaried,Middle,0
53,92949,14837,0.46,6,1,Salaried,Senior,1
58,15276,57151,0.8,0,5,Self-Employed,Senior,0
33,66151,41824,0.92,0,5,Salaried,Middle,0
51,67887,38073,0.75,3,1,Salaried,Senior,0
56,96442,31299,0.61,9,4,Salaried,Senior,1
44,64847,63861,0.6,6,4,Salaried,Middle,1
35,73653,35063,0.81,1,0,Self-Employed,Middle,0
49,71622,74453,0.54,1,1,Salaried,Middle,0
28,42810,73472,0.77,0,3,Salaried,Young,0
25,92842,19506,0.51,9,5,Unemployed,Young,1
49,137225,31026,0.11,1,1,Salaried,Middle,1
24,25503,32672,0.4,6,4,Salaried,Young,0
32,99761,43417,0.45,8,1,Salaried,Middle,1
22,141439,57413,0.18,5,4,Unemployed,Young,1
47,26590,70066,0.14,9,1,Unemployed,Middle,0
51,81624,64213,0.53,1,3,Salaried,Senior,0
56,135356,55971,0.13,9,0,Salaried,Senior,1
56,57727,32281,0.32,9,3,Unemployed,Senior,1
46,93471,33091,0.72,8,4,Salaried,Middle,1
63,23068,55494,0.92,6,5,Salaried,Senior,0
47,131923,23610,0.7,0,5,Self-Employed,Middle,0
25,26390,6079,0.94,8,2,Salaried,Young,0
40,121752,51751,0.68,1,3,Salaried,Middle,0
31,109754,60432,0.31,3,1,Self-Employed,Middle,1
30,90969,35951,0.65,8,0,Salaried,Middle,1
60,92064,64872,0.68,3,1,Salaried,Senior,1
58,36281,12235,0.38,2,1,Salaried,Senior,0
26,69189,67712,0.07,0,3,Salaried,Young,0
28,63511,26473,0.68,6,0,Salaried,Young,1
43,137115,72567,0.07,5,2,Salaried,Middle,1
46,23605,37230,0.62,9,1,Self-Employed,Middle,0
63,115318,73876,0.2,3,0,Self-Employed,Senior,1
32,147453,45644,0.56,5,2,Salaried,Middle,1
46,34810,53664,0.5,5,1,Self-Employed,Middle,0
33,56869,50203,0.06,3,0,Self-Employed,Middle,0
60,47955,71677,0.38,5,3,Self-Employed,Senior,0
38,76388,30425,0.59,9,5,Salaried,Middle,1
45,25207,74806,0.81,7,5,Self-Employed,Middle,0
53,37031,47814,0.85,2,1,Salaried,Senior,0
60,95807,75219,0.49,3,1,Salaried,Senior,1
63,86312,54646,0.71,9,0,Salaried,Senior,1
32,74766,44884,0.33,0,5,Self-Employed,Middle,0
64,104833,74322,0.36,3,1,Salaried,Senior,1
56,126041,26650,0.23,9,2,Salaried,Senior,1
24,131185,14190,0.56,9,1,Self-Employed,Young,1
25,25350,43196,0.33,8,5,Self-Employed,Young,0
57,115859,44449,0.13,7,4,Self-Employed,Senior,1
28,83487,44661,0.67,3,5,Salaried,Young,0
62,138853,34709,0.69,6,2,Salaried,Senior,1
48,68117,14943,0.37,9,0,Self-Employed,Middle,1
51,116084,48240,0.12,2,2,Salaried,Senior,1
29,38782,50760,0.43,8,4,Self-Employed,Young,0
49,43454,26042,0.45,9,4,Salaried,Middle,1
34,82904,48894,0.65,3,1,Unemployed,Middle,0
60,144936,11869,0.33,1,1,Salaried,Senior,1
61,137258,66078,0.66,9,5,Salaried,Senior,1
42,126668,61759,0.83,4,3,Self-Employed,Middle,1
31,139184,49306,0.26,1,2,Salaried,Middle,1
43,31566,60371,0.93,9,5,Salaried,Middle,0
21,53333,25918,0.4,5,3,Self-Employed,Young,0
57,136929,33379,0.29,9,5,Salaried,Senior,1
41,104571,7962,0.43,0,4,Salaried,Middle,0
46,135263,18851,0.13,5,1,Salaried,Middle,1
56,147661,50747,0.16,3,1,Salaried,Senior,1
43,40235,57349,0.42,2,5,Salaried,Middle,0
21,15159,75832,0.74,1,1,Self-Employed,Young,0
60,119859,61356,0.86,6,0,Self-Employed,Senior,1
35,122507,19745,0.65,8,5,Salaried,Middle,1
41,29743,10730,0.14,2,4,Salaried,Middle,0
29,61101,18921,0.65,5,5,Unemployed,Young,0
29,136534,76138,0.62,8,5,Unemployed,Young,1
30,99227,24023,0.78,1,1,Salaried,Middle,0
46,86126,50349,0.79,6,4,Self-Employed,Middle,0
61,71071,46979,0.83,4,5,Self-Employed,Senior,0
55,89763,27837,0.42,4,1,Salaried,Senior,1
45,61154,19997,0.68,6,2,Salaried,Middle,1
46,22016,50039,0.29,8,4,Salaried,Middle,0
31,104678,25923,0.95,3,3,Self-Employed,Middle,0
58,127056,13876,0.21,8,0,Self-Employed,Senior,1
22,69238,65973,0.06,9,3,Self-Employed,Young,1
27,73608,7887,0.18,8,4,Salaried,Young,1
38,104081,68723,0.75,3,5,Self-Employed,Middle,0
47,65961,47422,0.45,2,1,Self-Employed,Middle,0
54,41917,56413,0.45,1,4,Self-Employed,Senior,0
47,42990,7841,0.91,8,0,Salaried,Middle,1
37,77551,33756,0.88,1,4,Self-Employed,Middle,0
63,95811,76576,0.33,5,1,Salaried,Senior,1
64,70103,15304,0.24,4,3,Self-Employed,Senior,0
44,121122,35341,0.81,4,2,Self-Employed,Middle,1
45,34008,9758,0.87,3,3,Salaried,Middle,0
27,47402,22010,0.54,5,1,Self-Employed,Young,0
26,128550,65758,0.62,4,1,Salaried,Young,1
44,106218,36658,0.28,3,0,Self-Employed,Middle,1
53,148296,54002,0.77,8,4,Salaried,Senior,1
49,135779,6375,0.62,5,4,Self-Employed,Middle,1
63,144714,27092,0.5,9,3,Unemployed,Senior,1
42,47441,5490,0.1,9,2,Salaried,Middle,1
46,77368,8729,0.87,9,2,Salaried,Middle,1
48,107122,10974,0.6,2,0,Salaried,Middle,1
41,59760,26398,0.22,9,1,Salaried,Middle,1
27,38478,39650,0.6,5,0,Salaried,Young,0
37,142881,26292,0.66,0,4,Self-Employed,Middle,0
40,86854,8159,0.52,4,5,Unemployed,Middle,0
61,109230,67766,0.7,9,5,Self-Employed,Senior,1
40,100716,22065,0.57,5,5,Salaried,Middle,0
42,113538,26638,0.9,7,1,Self-Employed,Middle,1
48,30372,6073,0.1,8,0,Self-Employed,Middle,1
60,44796,51511,0.15,2,3,Salaried,Senior,0
27,113826,34320,0.21,1,4,Salaried,Young,0
21,135592,74876,0.67,3,5,Salaried,Young,1
52,108635,39924,0.63,7,2,Self-Employed,Senior,1
33,126022,45734,0.85,7,0,Salaried,Middle,1
50,69040,73116,0.71,2,4,Self-Employed,Senior,0
43,90357,45025,0.51,3,4,Salaried,Middle,0
39,93356,7159,0.94,2,2,Unemployed,Middle,0
52,31211,53940,0.29,9,2,Salaried,Senior,1
50,120426,19678,0.8,1,2,Self-Employed,Senior,0
49,20842,66075,0.43,3,5,Salaried,Middle,0
49,81852,52204,0.63,5,5,Salaried,Middle,0
50,140737,17021,0.7,4,0,Self-Employed,Senior,1
36,60968,11772,0.62,2,2,Unemployed,Middle,0
60,32508,72163,0.18,1,3,Salaried,Senior,0
39,69575,78755,0.45,8,4,Salaried,Middle,1
38,81914,28464,0.56,0,2,Salaried,Middle,0
21,82055,56137,0.81,8,4,Salaried,Young,1
34,102697,35232,0.45,0,1,Salaried,Middle,1
22,121239,66497,0.88,6,1,Self-Employed,Young,1
48,138106,79024,0.45,5,2,Unemployed,Middle,1
50,20355,56448,0.54,6,4,Salaried,Senior,0
58,69120,5901,0.77,2,1,Salaried,Senior,0
24,53342,7881,0.57,2,2,Salaried,Young,0
21,17257,34863,0.91,0,4,Salaried,Young,0
28,42364,10622,0.64,3,2,Salaried,Young,0
49,126715,6378,0.52,1,5,Salaried,Middle,0
59,41654,76186,0.07,9,4,Salaried,Senior,1
23,96423,50201,0.42,7,1,Salaried,Young,1
52,44320,64251,0.32,2,2,Salaried,Senior,0
30,35808,77572,0.72,6,1,Salaried,Middle,0
30,67389,44255,0.24,6,2,Salaried,Middle,1
39,133581,68212,0.23,8,0,Self-Employed,Middle,1
54,142927,55210,0.22,5,1,Self-Employed,Senior,1
53,49773,27499,0.16,0,1,Self-Employed,Senior,0
43,91396,56628,0.33,7,3,Salaried,Middle,1
48,122692,66360,0.85,0,5,Salaried,Middle,0
52,72505,9603,0.75,2,1,Salaried,Senior,0
27,100896,17632,0.71,4,4,Salaried,Young,1
49,33135,35607,0.77,7,2,Self-Employed,Middle,0
28,105887,70756,0.29,8,0,Salaried,Young,1
21,137118,51994,0.85,6,4,Salaried,Young,1
23,62377,68382,0.17,8,4,Salaried,Young,1
44,77491,75354,0.35,2,4,Salaried,Middle,0
43,73283,61344,0.58,4,4,Unemployed,Middle,0
28,31923,58775,0.14,9,0,Salaried,Young,1
57,62591,12349,0.71,7,3,Self-Employed,Senior,0
23,77261,76154,0.4,0,5,Salaried,Young,0
53,69336,32464,0.76,7,1,Unemployed,Senior,0
48,89083,47624,0.49,6,4,Salaried,Middle,1
28,75948,42344,0.21,0,1,Self-Employed,Young,0
54,41672,29299,0.71,9,1,Salaried,Senior,1
55,19213,52975,0.28,9,4,Self-Employed,Senior,0
52,77507,6462,0.49,5,3,Salaried,Senior,1
44,72134,45581,0.12,0,1,Salaried,Middle,0
34,148172,76289,0.61,1,2,Self-Employed,Middle,1
52,43172,19175,0.65,4,1,Unemployed,Senior,0
63,35132,11191,0.39,1,5,Salaried,Senior,0
36,33199,71537,0.91,9,4,Self-Employed,Middle,0
24,51609,52645,0.84,0,0,Salaried,Young,0
57,46881,28283,0.69,5,1,Self-Employed,Senior,0
41,39472,64123,0.69,7,3,Self-Employed,Middle,0
34,69131,35024,0.28,7,2,Salaried,Middle,1
51,27828,54630,0.64,7,2,Self-Employed,Senior,0
38,111664,35734,0.23,5,0,Self-Employed,Middle,1
27,147473,5515,0.18,2,5,Salaried,Young,1
30,30193,71727,0.95,0,0,Self-Employed,Middle,0
27,117518,51216,0.61,1,5,Salaried,Young,0
53,34611,76833,0.44,4,1,Self-Employed,Senior,0
43,91240,63755,0.31,9,4,Self-Employed,Middle,1
41,17745,32856,0.59,4,3,Salaried,Middle,0
39,70243,78870,0.09,9,2,Self-Employed,Middle,1
39,18866,29162,0.14,0,0,Salaried,Middle,0
56,143681,11008,0.08,0,3,Salaried,Senior,1
49,86354,12987,0.5,8,5,Salaried,Middle,1
38,66374,67532,0.59,1,4,Salaried,Middle,0
22,129397,8332,0.11,6,2,Self-Employed,Young,1
21,139577,71323,0.7,9,2,Salaried,Young,1
25,96029,43990,0.26,3,5,Salaried,Young,0
40,108574,14873,0.67,6,4,Self-Employed,Middle,1
31,45431,41444,0.93,7,2,Salaried,Middle,0
62,44336,40340,0.67,4,4,Salaried,Senior,0
22,55992,10033,0.84,0,2,Salaried,Young,0
23,70350,78324,0.9,3,1,Self-Employed,Young,0
43,84561,20689,0.49,9,5,Salaried,Middle,1
32,66955,5066,0.68,2,4,Salaried,Middle,0
40,76240,50246,0.82,9,3,Salaried,Middle,1
25,61607,12533,0.37,4,1,Self-Employed,Young,0
57,67870,75152,0.29,9,3,Salaried,Senior,1
58,79110,64658,0.9,9,5,Unemployed,Senior,0
50,131895,43498,0.7,5,2,Self-Employed,Senior,1
29,19426,16772,0.25,1,3,Self-Employed,Young,0
54,42606,54036,0.45,6,1,Salaried,Senior,0
64,43151,63531,0.77,2,4,Salaried,Senior,0
55,26308,17940,0.54,0,0,Unemployed,Senior,0
42,105306,21932,0.63,9,3,Salaried,Middle,1
64,121984,61827,0.73,2,0,Salaried,Senior,1
44,17204,66431,0.61,8,5,Salaried,Middle,0
37,107769,29648,0.54,9,3,Unemployed,Middle,1
30,102265,37966,0.72,5,3,Self-Employed,Middle,0
50,46131,32777,0.7,5,4,Salaried,Senior,0
43,67428,37567,0.62,3,2,Self-Employed,Middle,0
52,48870,22174,0.37,7,1,Salaried,Senior,1
37,118547,47598,0.42,4,1,Self-Employed,Middle,1
37,64067,64199,0.92,6,1,Salaried,Middle,1
34,127217,18798,0.15,8,5,Self-Employed,Middle,1
29,113934,70364,0.29,4,2,Salaried,Young,1
60,89707,22558,0.49,4,0,Salaried,Senior,1
22,76215,66084,0.8,3,1,Salaried,Young,0
45,64429,49237,0.2,5,0,Salaried,Middle,1
59,97152,70497,0.3,1,2,Self-Employed,Senior,0
29,123048,5178,0.11,2,5,Salaried,Young,1
42,92240,22118,0.69,0,2,Salaried,Middle,0
63,128688,27616,0.26,1,4,Salaried,Senior,0
24,61473,5798,0.4,1,1,Salaried,Young,0
46,111762,12601,0.45,7,5,Salaried,Middle,1
49,121956,30363,0.85,7,4,Salaried,Middle,1
54,133452,7795,0.42,1,1,Salaried,Senior,1
43,141311,50264,0.18,5,2,Salaried,Middle,1
57,22006,77833,0.52,4,2,Salaried,Senior,0
31,89218,8084,0.92,2,3,Unemployed,Middle,0
26,47430,5731,0.6,4,3,Self-Employed,Young,0
38,38091,6129,0.94,4,2,Salaried,Middle,0
41,38989,33022,0.81,4,2,Self-Employed,Middle,0
62,90451,6605,0.08,2,0,Self-Employed,Senior,1
56,33990,49130,0.64,2,0,Salaried,Senior,0
61,105270,34265,0.31,3,4,Self-Employed,Senior,0
58,95360,37330,0.55,6,3,Salaried,Senior,1
54,51081,73469,0.3,1,3,Self-Employed,Senior,0
37,123272,20187,0.36,9,2,Salaried,Middle,1
57,31241,30791,0.88,3,2,Salaried,Senior,0
45,139932,75610,0.24,3,4,Salaried,Middle,1
58,20939,44867,0.84,0,5,Unemployed,Senior,0
32,128000,5893,0.08,9,5,Self-Employed,Middle,1
43,50063,24773,0.13,7,5,Salaried,Middle,1
62,62118,9239,0.82,0,3,Salaried,Senior,0
42,99703,25863,0.62,7,0,Salaried,Middle,1
41,143557,56415,0.72,6,5,Salaried,Middle,1
47,42076,73968,0.24,8,1,Salaried,Middle,1
51,59605,65430,0.53,7,4,Salaried,Senior,1
26,99565,6515,0.71,4,5,Self-Employed,Young,0
47,54121,19605,0.61,7,1,Self-Employed,Middle,1
60,46433,61240,0.47,9,5,Salaried,Senior,1
54,58309,10586,0.91,2,0,Salaried,Senior,0
32,82468,36186,0.66,9,0,Unemployed,Middle,1
27,82293,31928,0.87,6,5,Self-Employed,Young,0
30,111258,25711,0.71,3,1,Self-Employed,Middle,1
37,53405,59962,0.71,4,4,Unemployed,Middle,0
46,58527,25039,0.12,8,1,Self-Employed,Middle,1
41,92227,41561,0.37,6,4,Salaried,Middle,1
48,146564,6577,0.82,3,5,Salaried,Middle,1
22,108344,33350,0.26,5,4,Unemployed,Young,0
63,62153,38798,0.15,9,2,Salaried,Senior,1
21,123042,15785,0.34,6,3,Salaried,Young,1
56,69110,77227,0.25,9,3,Salaried,Senior,1
46,43328,66957,0.88,8,0,Self-Employed,Middle,0
49,127911,70431,0.83,3,2,Unemployed,Middle,0
41,27867,22297,0.5,9,3,Salaried,Middle,1
31,74234,76894,0.11,2,5,Salaried,Middle,0
60,40851,68772,0.69,7,4,Self-Employed,Senior,0
31,46279,24581,0.61,0,4,Salaried,Middle,0
56,88402,60192,0.92,8,1,Salaried,Senior,1
59,30449,6462,0.55,0,1,Unemployed,Senior,0
60,91221,69173,0.35,1,4,Salaried,Senior,0
55,104080,20511,0.52,7,5,Salaried,Senior,1
54,20451,53665,0.93,8,4,Self-Employed,Senior,0
44,102178,49414,0.68,6,1,Salaried,Middle,1
42,78761,77573,0.65,2,3,Unemployed,Middle,0
25,53870,18386,0.27,6,0,Salaried,Young,1
53,111566,59460,0.72,5,1,Salaried,Senior,1
56,138749,11221,0.73,1,5,Salaried,Senior,0
40,138765,28474,0.34,2,3,Salaried,Middle,1
39,139881,26045,0.49,9,3,Self-Employed,Middle,1
55,143389,9922,0.32,9,3,Self-Employed,Senior,1
63,40372,27706,0.28,4,2,Unemployed,Senior,0
37,18642,47771,0.07,9,2,Salaried,Middle,1
63,49064,57335,0.31,3,3,Self-Employed,Senior,0
54,29122,57949,0.55,1,5,Salaried,Senior,0
29,83431,75714,0.05,3,4,Self-Employed,Young,0
46,70745,20240,0.3,7,5,Self-Employed,Middle,1
22,65081,7716,0.84,4,2,Salaried,Young,0
29,91253,21574,0.58,4,1,Salaried,Young,1
29,51191,78717,0.6,9,2,Salaried,Young,1
60,25211,49066,0.41,2,4,Salaried,Senior,0
37,126086,66826,0.66,7,0,Unemployed,Middle,1
21,116971,25213,0.22,5,2,Salaried,Young,1
45,108783,76916,0.79,1,5,Salaried,Middle,0
63,140681,71151,0.16,1,5,Salaried,Senior,1
60,102893,55906,0.64,8,3,Self-Employed,Senior,1
62,92960,5463,0.36,6,3,Salaried,Senior,1
45,99388,36973,0.72,9,3,Salaried,Middle,1
59,37601,79694,0.54,8,0,Salaried,Senior,1
55,34710,25651,0.46,5,4,Self-Employed,Senior,0
23,123714,73694,0.2,4,1,Salaried,Young,1
57,143727,25008,0.62,0,5,Self-Employed,Senior,0
64,78227,75474,0.93,5,5,Salaried,Senior,0
64,99289,43185,0.79,5,4,Salaried,Senior,1
50,20722,79417,0.1,2,0,Salaried,Senior,0
58,96050,76139,0.39,2,3,Salaried,Senior,0
54,98596,39980,0.88,2,4,Salaried,Senior,0
32,81732,27504,0.5,2,1,Salaried,Middle,0
39,83323,59970,0.65,6,3,Self-Employed,Middle,1
57,38816,21766,0.87,9,1,Salaried,Senior,1
64,55695,16695,0.84,1,2,Salaried,Senior,0
37,70841,22796,0.5,9,1,Self-Employed,Middle,1
30,143498,47543,0.44,9,3,Salaried,Middle,1
32,122096,19559,0.36,1,2,Self-Employed,Middle,0
36,107764,38139,0.7,2,3,Self-Employed,Middle,0
44,100744,13802,0.31,9,5,Salaried,Middle,1
39,43482,78843,0.27,6,3,Self-Employed,Middle,0
28,24171,45205,0.37,2,2,Salaried,Young,0
51,115755,39159,0.21,6,1,Salaried,Senior,1
41,123125,16516,0.68,8,5,Salaried,Middle,1
37,145722,55492,0.6,9,0,Salaried,Middle,1
43,121082,34086,0.48,3,0,Salaried,Middle,1
57,18696,35480,0.4,6,0,Salaried,Senior,0
36,141310,57091,0.87,8,0,Salaried,Middle,1
26,34149,52766,0.08,7,4,Salaried,Young,0
28,145064,43737,0.74,7,0,Salaried,Young,1
45,68521,14265,0.86,8,2,Salaried,Middle,1
38,60740,75990,0.45,4,0,Salaried,Middle,1
45,121611,20386,0.55,4,3,Salaried,Middle,1
32,81641,42425,0.9,2,0,Salaried,Middle,0
35,78811,48254,0.24,4,1,Salaried,Middle,1
46,78232,58634,0.52,7,2,Self-Employed,Middle,1
61,30417,52662,0.48,4,2,Self-Employed,Senior,0
46,127492,15143,0.28,3,5,Salaried,Middle,1
52,45099,20581,0.79,7,4,Self-Employed,Senior,0
30,133474,72443,0.86,6,3,Salaried,Middle,1
36,24256,34424,0.75,5,2,Salaried,Middle,0
27,49681,46984,0.23,4,1,Unemployed,Young,0
37,106328,46505,0.13,4,0,Salaried,Middle,1
43,58361,67699,0.59,9,2,Unemployed,Middle,0
46,49540,31957,0.1,1,1,Salaried,Middle,0
41,99700,30464,0.66,3,0,Salaried,Middle,1
42,93532,28649,0.53,7,4,Salaried,Middle,1
27,142626,47065,0.65,7,2,Salaried,Young,1
34,148943,39758,0.58,0,2,Salaried,Middle,1
35,61002,10596,0.43,1,1,Salaried,Middle,0
27,64812,21374,0.23,4,5,Self-Employed,Young,0
29,123946,8775,0.33,8,3,Salaried,Young,1
28,81668,32388,0.52,9,4,Salaried,Young,1
43,114003,26029,0.64,6,3,Salaried,Middle,1
49,57998,58639,0.75,9,2,Self-Employed,Middle,1
38,119601,19645,0.74,4,3,Salaried,Middle,1
51,22812,36105,0.93,0,0,Salaried,Senior,0
50,76844,18668,0.31,5,4,Unemployed,Senior,0
59,148251,20960,0.11,7,3,Salaried,Senior,1
55,89601,16357,0.36,6,0,Salaried,Senior,1
38,62857,69604,0.72,1,1,Self-Employed,Middle,0
62,140555,56796,0.44,4,3,Self-Employed,Senior,1
59,35700,20804,0.79,3,4,Salaried,Senior,0
37,108330,19626,0.54,8,0,Salaried,Middle,1
34,78353,33132,0.89,9,3,Self-Employed,Middle,1
51,115772,12951,0.9,0,1,Salaried,Senior,0
44,106502,11449,0.11,5,3,Unemployed,Middle,0
55,128943,24065,0.46,2,0,Salaried,Senior,1
64,124850,14130,0.6,8,3,Salaried,Senior,1
54,60095,67287,0.28,4,4,Salaried,Senior,0
23,30523,56702,0.42,5,2,Self-Employed,Young,0
57,77433,41993,0.66,8,0,Self-Employed,Senior,1
63,34991,36875,0.25,8,0,Self-Employed,Senior,1
60,25775,11054,0.59,7,0,Unemployed,Senior,0
46,99995,53517,0.68,8,0,Salaried,Middle,1
43,137808,34670,0.13,3,3,Salaried,Middle,1
64,22415,54112,0.5,5,4,Self-Employed,Senior,0
59,52044,33307,0.29,4,1,Self-Employed,Senior,0
35,64976,72087,0.7,4,4,Self-Employed,Middle,0
24,18832,52922,0.22,3,0,Self-Employed,Young,0
49,49148,68080,0.85,1,5,Salaried,Middle,0
42,127230,31312,0.44,5,3,Salaried,Middle,1
45,100076,71985,0.23,8,5,Unemployed,Middle,0
33,53402,62608,0.44,0,3,Salaried,Middle,0
38,53578,45277,0.42,6,0,Salaried,Middle,1
53,105453,36551,0.44,5,3,Self-Employed,Senior,1
36,90715,61597,0.58,2,0,Salaried,Middle,1
62,126435,50212,0.52,0,4,Self-Employed,Senior,0
64,110742,14637,0.18,3,2,Salaried,Senior,1
22,60475,48258,0.11,8,3,Self-Employed,Young,1
55,75142,40693,0.71,1,0,Self-Employed,Senior,0
62,108526,14824,0.55,2,5,Salaried,Senior,0
54,66001,31950,0.37,1,0,Salaried,Senior,0
50,72649,28488,0.78,1,5,Salaried,Senior,0
33,40711,5215,0.4,9,3,Salaried,Middle,1
33,45106,16523,0.77,7,1,Salaried,Middle,1
38,80458,73689,0.33,2,5,Salaried,Middle,0
52,145429,28834,0.12,6,0,Salaried,Senior,1
52,116754,39474,0.89,7,3,Salaried,Senior,1
55,141479,48066,0.41,2,0,Salaried,Senior,1
59,43884,15400,0.76,1,1,Self-Employed,Senior,0
49,17708,15345,0.3,7,2,Salaried,Middle,0
49,33375,38896,0.63,2,1,Self-Employed,Middle,0
64,30088,33899,0.84,6,4,Self-Employed,Senior,0
36,72615,33229,0.09,0,3,Self-Employed,Middle,0
64,125138,10583,0.8,5,1,Self-Employed,Senior,1
30,25014,9897,0.56,8,2,Salaried,Middle,1
50,149345,76537,0.6,2,0,Self-Employed,Senior,1
45,117842,9567,0.52,6,3,Salaried,Middle,1
59,93077,79807,0.84,5,5,Self-Employed,Senior,0
40,67874,18329,0.09,7,1,Self-Employed,Middle,1
25,84087,76792,0.28,2,2,Salaried,Young,0
21,27297,5228,0.84,2,1,Salaried,Young,0
50,42128,42052,0.73,3,4,Salaried,Senior,0
23,83368,62769,0.07,2,3,Self-Employed,Young,0
34,93958,51032,0.52,8,0,Salaried,Middle,1
50,47920,38686,0.53,3,2,Salaried,Senior,0
24,148872,68261,0.41,5,1,Salaried,Young,1
38,148682,7809,0.32,7,3,Salaried,Middle,1
57,92603,46785,0.66,7,1,Unemployed,Senior,1
45,48872,41547,0.24,4,3,Self-Employed,Middle,0
21,25728,47818,0.77,4,4,Salaried,Young,0
35,110102,76927,0.77,5,1,Salaried,Middle,1
29,137049,70681,0.42,9,4,Salaried,Young,1
35,35583,42333,0.31,6,5,Salaried,Middle,0
44,100774,21576,0.31,9,5,Self-Employed,Middle,1
24,141374,44405,0.48,6,2,Salaried,Young,1
32,106118,78779,0.7,3,4,Salaried,Middle,0
57,80942,36601,0.37,5,3,Self-Employed,Senior,0
57,28689,72946,0.6,6,2,Unemployed,Senior,0
63,48276,72356,0.39,4,1,Salaried,Senior,0
26,116968,57116,0.32,4,1,Salaried,Young,1
59,28050,67894,0.07,1,3,Salaried,Senior,0
44,81216,39635,0.05,6,0,Self-Employed,Middle,1
31,99040,12465,0.25,5,0,Unemployed,Middle,1
33,36644,61754,0.42,0,1,Salaried,Middle,0
54,77021,43871,0.82,3,3,Salaried,Senior,0
45,57291,67874,0.77,2,0,Self-Employed,Middle,0
27,147610,34511,0.29,2,4,Self-Employed,Young,1
24,56520,53821,0.27,6,1,Unemployed,Young,0
28,40675,70776,0.25,9,5,Salaried,Young,1
40,15174,75167,0.36,3,4,Salaried,Middle,0
49,107268,49462,0.5,7,3,Salaried,Middle,1
30,49998,66382,0.44,8,5,Salaried,Middle,1
63,120410,37574,0.25,2,4,Salaried,Senior,1
54,90225,46910,0.17,4,0,Salaried,Senior,1
46,59814,78531,0.06,3,0,Salaried,Middle,1
61,100091,30186,0.19,9,5,Self-Employed,Senior,1
23,65719,27813,0.68,5,2,Salaried,Young,0
26,144887,23557,0.27,9,1,Self-Employed,Young,1
25,48919,33060,0.47,3,5,Salaried,Young,0
25,88155,63866,0.58,7,3,Self-Employed,Young,1
43,86569,77104,0.85,2,1,Salaried,Middle,0
29,56328,11080,0.85,4,4,Self-Employed,Young,0
55,39618,18854,0.72,0,3,Salaried,Senior,0
40,49675,72695,0.08,5,3,Salaried,Middle,0
62,33919,32025,0.57,4,0,Self-Employed,Senior,0
55,19173,57982,0.76,7,4,Salaried,Senior,0
38,124369,46081,0.07,8,0,Salaried,Middle,1
37,41400,9368,0.54,7,0,Self-Employed,Middle,0
44,85305,32094,0.82,7,2,Self-Employed,Middle,1
23,103791,51040,0.48,2,0,Salaried,Young,1
52,85533,71766,0.05,3,1,Salaried,Senior,1
55,118591,28991,0.06,3,3,Salaried,Senior,1
58,146060,6301,0.42,4,0,Salaried,Senior,1
33,54194,33610,0.19,8,5,Unemployed,Middle,0
45,124903,39678,0.65,8,1,Salaried,Middle,1
29,146461,29466,0.69,9,4,Salaried,Young,1
24,114303,45875,0.21,0,3,Unemployed,Young,0
34,128903,31081,0.85,7,5,Salaried,Middle,1
57,82391,29354,0.45,0,5,Self-Employed,Senior,0
54,73002,23300,0.18,1,4,Salaried,Senior,0
31,50531,69384,0.74,6,5,Salaried,Middle,0
61,19986,65892,0.76,7,1,Salaried,Senior,0
23,47298,40525,0.63,0,4,Salaried,Young,0
48,16481,31532,0.82,2,5,Salaried,Middle,0
49,71408,11464,0.71,6,4,Salaried,Middle,0
29,136950,21562,0.84,8,4,Salaried,Young,1
23,140355,60514,0.44,7,0,Salaried,Young,1
45,42798,79219,0.72,7,0,Salaried,Middle,1
54,106649,37634,0.95,8,0,Salaried,Senior,1
32,79887,5060,0.7,9,5,Salaried,Middle,1
62,34477,14269,0.15,2,3,Self-Employed,Senior,0
29,142815,68143,0.52,7,1,Salaried,Young,1
35,142426,28065,0.58,0,5,Salaried,Middle,0
60,39335,7895,0.21,7,0,Self-Employed,Senior,1
45,101610,17352,0.92,6,4,Salaried,Middle,1
25,26442,54737,0.21,7,5,Self-Employed,Young,0
31,61289,37016,0.21,0,4,Self-Employed,Middle,0
54,68747,66304,0.87,5,4,Salaried,Senior,0
44,52327,16962,0.47,6,4,Salaried,Middle,0
35,87827,38302,0.11,4,2,Unemployed,Middle,0
58,121464,9011,0.59,4,3,Salaried,Senior,1
28,146184,24782,0.59,6,1,Self-Employed,Young,1
25,102051,72691,0.11,2,1,Salaried,Young,1
46,74722,44725,0.93,5,0,Salaried,Middle,1
38,107036,14196,0.54,6,2,Salaried,Middle,1
26,81960,48459,0.55,0,5,Salaried,Young,0
57,34552,37769,0.52,1,5,Salaried,Senior,0
33,15887,29700,0.6,3,1,Self-Employed,Middle,0
48,46802,10269,0.29,7,3,Unemployed,Middle,0
25,100024,48880,0.31,9,4,Self-Employed,Young,1
33,133639,13320,0.51,5,0,Salaried,Middle,1
37,133248,54589,0.78,0,3,Self-Employed,Middle,0
60,96938,40897,0.09,9,1,Self-Employed,Senior,1
52,137746,63565,0.59,4,2,Unemployed,Senior,1
49,41049,35930,0.78,6,0,Salaried,Middle,0
23,92789,62233,0.19,5,1,Self-Employed,Young,1
60,99526,19380,0.06,8,5,Salaried,Senior,1
54,61220,75934,0.33,7,0,Salaried,Senior,1
60,61163,60830,0.58,3,1,Unemployed,Senior,0
47,149837,10529,0.17,4,5,Salaried,Middle,1
33,132126,54178,0.43,6,5,Salaried,Middle,1
53,96486,11937,0.55,7,4,Self-Employed,Senior,1
26,90277,44886,0.59,4,2,Salaried,Young,1
44,119245,54699,0.3,8,4,Self-Employed,Middle,1
39,137332,30279,0.41,9,1,Self-Employed,Middle,1
36,37931,43106,0.75,3,3,Salaried,Middle,0
60,104116,45544,0.9,3,4,Salaried,Senior,0
48,70633,13997,0.83,7,3,Self-Employed,Middle,0
53,66913,45860,0.56,0,5,Salaried,Senior,0
61,109776,8225,0.42,7,1,Unemployed,Senior,1
33,40991,64470,0.35,4,2,Self-Employed,Middle,0
63,119092,68656,0.16,0,3,Salaried,Senior,1
45,110556,56880,0.15,3,1,Salaried,Middle,1
62,77875,66078,0.67,1,3,Unemployed,Senior,0
56,77120,61633,0.28,3,4,Salaried,Senior,0
47,148060,31655,0.28,7,1,Salaried,Middle,1
58,125041,48601,0.95,4,4,Self-Employed,Senior,0
27,143467,8114,0.22,0,0,Self-Employed,Young,1
25,133490,31502,0.18,6,1,Self-Employed,Young,1
63,141155,54768,0.14,0,3,Salaried,Senior,1
51,43230,53128,0.57,8,0,Self-Employed,Senior,1
43,74778,25028,0.62,2,4,Self-Employed,Middle,0
62,60833,60565,0.38,2,4,Self-Employed,Senior,0
30,37625,40333,0.53,5,3,Unemployed,Middle,0
52,47088,8174,0.76,9,0,Salaried,Senior,1
63,118937,40398,0.79,5,5,Self-Employed,Senior,1
50,91361,40929,0.91,5,2,Unemployed,Senior,0
59,103229,9321,0.79,0,3,Salaried,Senior,0
51,105265,60421,0.56,4,4,Salaried,Senior,1
38,112718,77635,0.21,5,1,Self-Employed,Middle,1
56,75710,28760,0.14,7,0,Salaried,Senior,1
22,109876,16360,0.1,0,5,Salaried,Young,0
34,45949,15313,0.65,4,2,Salaried,Middle,0
33,83136,10801,0.78,2,1,Salaried,Middle,0
49,126541,19130,0.51,1,0,Salaried,Middle,1
32,76842,19271,0.1,7,5,Salaried,Middle,1
59,41990,21075,0.53,6,3,Unemployed,Senior,0
22,45109,23984,0.89,9,5,Self-Employed,Young,0
52,145356,65942,0.59,6,3,Self-Employed,Senior,1
33,143133,17861,0.78,4,0,Salaried,Middle,1
47,16306,76376,0.77,8,5,Self-Employed,Middle,0
61,18849,66247,0.89,4,2,Self-Employed,Senior,0
37,27360,74101,0.74,1,5,Self-Employed,Middle,0
60,126072,25977,0.72,2,0,Salaried,Senior,1
51,109767,55617,0.26,3,1,Salaried,Senior,1
54,69330,62473,0.1,4,1,Self-Employed,Senior,1
44,66707,77902,0.52,2,5,Self-Employed,Middle,0
55,33689,20630,0.16,6,5,Self-Employed,Senior,0
26,44084,25056,0.92,4,3,Salaried,Young,0
39,55387,12382,0.31,4,0,Salaried,Middle,1
50,89816,60739,0.82,5,3,Self-Employed,Senior,1
27,17642,53639,0.4,6,2,Salaried,Young,0
30,57137,64838,0.34,9,1,Self-Employed,Middle,1
61,77260,51041,0.89,9,4,Unemployed,Senior,0
52,63442,5992,0.38,7,4,Self-Employed,Senior,1
54,118061,77394,0.4,8,0,Salaried,Senior,1
48,149066,72657,0.15,3,0,Salaried,Middle,1
35,140844,32160,0.65,4,4,Self-Employed,Middle,0
50,114575,50156,0.31,4,0,Self-Employed,Senior,1
57,16813,56375,0.58,7,1,Salaried,Senior,0
49,108027,24572,0.58,8,2,Salaried,Middle,1
42,138489,9136,0.7,6,2,Salaried,Middle,1
24,99381,66868,0.72,4,3,Self-Employed,Young,0
40,70276,37167,0.51,2,1,Self-Employed,Middle,0
52,56243,20479,0.35,0,0,Unemployed,Senior,0
56,75272,36376,0.8,8,0,Salaried,Senior,1
24,80618,9823,0.33,4,3,Self-Employed,Young,0
47,16920,75456,0.51,8,3,Salaried,Middle,0
37,121121,24585,0.41,9,0,Salaried,Middle,1
32,91872,22272,0.82,3,0,Self-Employed,Middle,0
42,96132,31619,0.44,4,1,Salaried,Middle,1
37,17093,44895,0.4,3,3,Salaried,Middle,0
30,27905,8720,0.67,1,1,Self-Employed,Middle,0
21,136759,24267,0.59,0,5,Salaried,Young,0
42,45981,20696,0.15,7,0,Salaried,Middle,1
46,88903,34968,0.51,3,4,Salaried,Middle,0
38,85821,58364,0.71,4,4,Salaried,Middle,0
34,124200,28345,0.94,5,5,Unemployed,Middle,0
49,97289,56567,0.62,7,0,Salaried,Middle,1
32,131506,66607,0.38,7,3,Self-Employed,Middle,1
56,93513,24385,0.25,6,4,Salaried,Senior,1
55,65516,71900,0.84,3,3,Salaried,Senior,0
32,84212,73244,0.78,5,4,Salaried,Middle,1
27,148498,70425,0.26,3,3,Self-Employed,Young,1
49,145970,37919,0.23,6,4,Salaried,Middle,1
31,105009,62196,0.69,0,3,Self-Employed,Middle,0
53,59816,5495,0.33,4,5,Salaried,Senior,0
26,19138,49755,0.33,9,1,Unemployed,Young,0
35,106176,72684,0.19,9,3,Self-Employed,Middle,1
52,90945,38324,0.29,3,1,Self-Employed,Senior,0
31,19017,6552,0.43,6,1,Self-Employed,Middle,0
43,25451,56272,0.71,8,0,Self-Employed,Middle,1
46,108863,40853,0.35,4,5,Self-Employed,Middle,0
54,25278,37924,0.35,3,1,Salaried,Senior,0
54,58764,79462,0.31,8,2,Salaried,Senior,1
49,138030,28889,0.48,4,1,Self-Employed,Middle,1
24,147206,59675,0.21,8,3,Salaried,Young,1
37,77943,78591,0.49,7,1,Salaried,Middle,1
55,110667,75190,0.68,3,3,Salaried,Senior,1
33,69318,27634,0.08,6,3,Salaried,Middle,1
61,118423,37363,0.06,4,2,Self-Employed,Senior,1
59,118998,68752,0.12,9,1,Salaried,Senior,1
35,75128,61398,0.53,3,1,Unemployed,Middle,0
49,36869,45718,0.82,4,4,Unemployed,Middle,0
49,20039,31870,0.05,4,4,Unemployed,Middle,0
31,127935,42394,0.89,8,0,Salaried,Middle,1
52,25442,57057,0.15,8,3,Salaried,Senior,1
22,88788,18016,0.81,5,2,Unemployed,Young,0
34,134729,47137,0.48,3,4,Unemployed,Middle,0
40,42586,5153,0.64,1,1,Self-Employed,Middle,0
42,68053,12853,0.51,2,0,Salaried,Middle,0
31,101346,17379,0.48,1,2,Salaried,Middle,0
47,82087,20792,0.8,4,5,Self-Employed,Middle,0
23,49397,43367,0.73,5,1,Salaried,Young,0
37,73671,23100,0.49,4,1,Self-Employed,Middle,1
64,131214,68456,0.15,1,5,Self-Employed,Senior,0
48,81897,16049,0.15,4,3,Self-Employed,Middle,1
49,29924,5786,0.77,8,3,Salaried,Middle,0
41,128143,74904,0.53,3,4,Salaried,Middle,1
36,125253,35699,0.48,9,4,Unemployed,Middle,1
57,115297,52691,0.66,1,1,Self-Employed,Senior,0
40,15869,42040,0.82,2,1,Self-Employed,Middle,0
26,112088,62986,0.62,2,4,Self-Employed,Young,0
39,16014,43762,0.74,8,5,Self-Employed,Middle,0
25,25103,28600,0.74,3,4,Self-Employed,Young,0
23,125317,24810,0.37,0,1,Salaried,Young,1
21,97409,62204,0.3,0,2,Salaried,Young,0
58,38248,25085,0.77,6,1,Salaried,Senior,1
35,23024,51854,0.39,6,2,Salaried,Middle,0
54,100947,79797,0.86,1,2,Salaried,Senior,0
55,106829,44779,0.11,8,1,Salaried,Senior,1
45,107708,61207,0.1,8,0,Self-Employed,Middle,1
44,101664,38980,0.88,4,4,Salaried,Middle,1
32,100178,61117,0.63,2,3,Salaried,Middle,0
38,116121,19141,0.39,2,1,Salaried,Middle,1
35,35025,14344,0.73,2,2,Self-Employed,Middle,0
64,78610,20896,0.66,5,1,Salaried,Senior,1
36,85843,34813,0.53,3,4,Salaried,Middle,0
47,122237,70679,0.14,7,5,Salaried,Middle,1
28,145299,15681,0.78,4,2,Self-Employed,Young,1
45,20668,77903,0.83,0,3,Unemployed,Middle,0
37,88233,8228,0.2,8,3,Unemployed,Middle,1
49,96982,9582,0.82,0,3,Salaried,Middle,0
28,121133,16397,0.84,5,5,Self-Employed,Young,1
35,25751,43799,0.54,0,0,Salaried,Middle,0
47,61218,42011,0.64,2,2,Salaried,Middle,0
27,141649,49264,0.39,9,5,Salaried,Young,1
23,22352,47317,0.3,4,2,Salaried,Young,0
49,103835,52914,0.7,9,5,Self-Employed,Middle,1
64,112493,50254,0.83,6,5,Salaried,Senior,0
44,43927,45096,0.64,9,0,Salaried,Middle,1
23,116948,58785,0.51,7,2,Salaried,Young,1
40,44493,57344,0.19,8,5,Salaried,Middle,0
35,46707,73546,0.1,5,0,Self-Employed,Middle,1
45,50842,76091,0.45,8,1,Self-Employed,Middle,1
50,28261,70603,0.09,7,4,Self-Employed,Senior,0
34,91709,33412,0.56,8,5,Salaried,Middle,1
27,110985,56658,0.39,9,3,Salaried,Young,1
37,121616,54549,0.73,3,0,Salaried,Middle,1
64,82173,16549,0.33,8,0,Unemployed,Senior,1
40,46781,76216,0.58,6,5,Unemployed,Middle,0
56,28652,30739,0.53,4,0,Self-Employed,Senior,0
29,20103,26209,0.05,4,1,Salaried,Young,0
58,40500,20116,0.12,0,0,Salaried,Senior,0
42,115336,25045,0.31,1,4,Salaried,Middle,0
22,128499,31327,0.84,9,4,Self-Employed,Young,1
44,64393,40709,0.18,2,3,Self-Employed,Middle,0
28,62406,48617,0.69,7,1,Self-Employed,Young,1
31,78059,65139,0.93,5,4,Self-Employed,Middle,0
33,97722,31905,0.76,9,5,Salaried,Middle,1
37,27356,69148,0.27,4,2,Salaried,Middle,0
28,143128,77603,0.87,0,2,Salaried,Young,0
41,17187,47919,0.13,8,2,Salaried,Middle,1
38,92243,63446,0.47,2,5,Salaried,Middle,0
50,50098,57428,0.85,2,0,Self-Employed,Senior,0
38,149678,52894,0.63,1,5,Self-Employed,Middle,0
51,72620,11447,0.42,3,0,Salaried,Senior,1
58,141270,10499,0.31,1,2,Salaried,Senior,1
52,29387,44041,0.39,8,3,Salaried,Senior,1
31,84463,36315,0.51,9,3,Self-Employed,Middle,1
45,148663,6299,0.34,6,0,Salaried,Middle,1
53,106683,9994,0.92,7,2,Salaried,Senior,1
58,77061,12489,0.89,2,5,Self-Employed,Senior,0
61,96257,37355,0.83,5,3,Salaried,Senior,1
28,76753,78805,0.43,9,0,Salaried,Young,1
31,99774,73367,0.67,5,5,Self-Employed,Middle,0
42,38408,6996,0.86,0,2,Self-Employed,Middle,0
44,139116,49387,0.82,5,1,Self-Employed,Middle,1
61,146208,8089,0.42,2,2,Salaried,Senior,1
37,32413,25659,0.15,2,2,Salaried,Middle,0
32,128650,50178,0.12,2,5,Self-Employed,Middle,0
52,74500,75726,0.57,9,5,Salaried,Senior,1
35,99514,75111,0.63,9,4,Self-Employed,Middle,1
36,71358,39565,0.81,7,4,Self-Employed,Middle,0
42,81197,27884,0.31,4,5,Unemployed,Middle,0
48,91240,22199,0.2,3,5,Salaried,Middle,0
40,31322,65038,0.39,8,1,Salaried,Middle,1
53,128053,62786,0.37,8,1,Salaried,Senior,1
30,21968,54294,0.17,0,2,Self-Employed,Middle,0
60,42518,39178,0.66,1,3,Salaried,Senior,0
52,66925,17665,0.51,7,1,Salaried,Senior,1
53,126900,5534,0.7,4,2,Salaried,Senior,1
22,108422,41132,0.37,6,0,Salaried,Young,1
53,16700,41110,0.34,0,4,Salaried,Senior,0
53,108782,63754,0.48,9,3,Salaried,Senior,1
61,38199,68580,0.84,4,2,Self-Employed,Senior,0
33,20520,27469,0.09,2,5,Salaried,Middle,0
50,124814,69016,0.77,9,0,Salaried,Senior,1
53,138364,51233,0.38,1,4,Self-Employed,Senior,0
33,29955,71708,0.82,1,0,Self-Employed,Middle,0
46,79925,63232,0.77,8,2,Salaried,Middle,1
42,122216,39409,0.36,3,1,Salaried,Middle,1
59,85269,24324,0.67,3,4,Self-Employed,Senior,0
22,56458,13738,0.19,6,0,Salaried,Young,1
58,104037,29054,0.86,9,1,Salaried,Senior,1
59,114977,34709,0.41,9,3,Salaried,Senior,1
46,58939,5363,0.46,1,2,Salaried,Middle,0
35,44345,15358,0.69,2,2,Salaried,Middle,0
54,125107,8240,0.79,2,4,Self-Employed,Senior,0
62,136866,77201,0.26,5,0,Self-Employed,Senior,1
64,84166,50689,0.65,2,3,Salaried,Senior,0
60,112406,6936,0.4,4,5,Salaried,Senior,1
31,64298,48965,0.38,3,4,Self-Employed,Middle,0
23,59942,5882,0.67,2,5,Salaried,Young,0
26,18453,25224,0.4,7,4,Salaried,Young,0
29,117811,35825,0.36,9,0,Self-Employed,Young,1
26,69935,75740,0.8,2,3,Self-Employed,Young,0
29,137439,33885,0.14,5,0,Salaried,Young,1
59,23328,45056,0.66,6,2,Self-Employed,Senior,0
51,30534,8203,0.27,6,5,Salaried,Senior,0
52,100280,65241,0.06,1,1,Salaried,Senior,1
61,51320,7244,0.2,2,2,Salaried,Senior,0
32,64170,73619,0.6,9,2,Self-Employed,Middle,1
28,115546,26584,0.69,9,5,Self-Employed,Young,1
28,95201,13521,0.07,3,4,Self-Employed,Young,0
48,23640,55017,0.08,6,2,Salaried,Middle,1
40,147992,38541,0.86,1,3,Salaried,Middle,1
27,58937,34063,0.12,2,2,Salaried,Young,0
31,85463,75268,0.85,6,3,Salaried,Middle,1
40,108500,69952,0.26,6,0,Salaried,Middle,1
36,52158,44563,0.72,9,4,Unemployed,Middle,0
24,99607,44752,0.33,2,3,Self-Employed,Young,0
26,134639,7567,0.82,0,2,Salaried,Young,0
42,86696,21121,0.68,2,4,Salaried,Middle,0
46,76510,6674,0.41,4,4,Salaried,Middle,0
23,135076,71275,0.12,6,3,Self-Employed,Young,1
61,73692,72081,0.71,3,3,Self-Employed,Senior,0
62,145841,34140,0.61,0,1,Self-Employed,Senior,1
34,30810,14327,0.05,5,1,Salaried,Middle,1
31,126718,75663,0.06,1,4,Salaried,Middle,1
38,105932,28331,0.78,2,5,Unemployed,Middle,0
32,15192,28004,0.28,3,5,Unemployed,Middle,0
43,51413,15492,0.62,5,1,Salaried,Middle,1
32,54082,59797,0.46,5,2,Salaried,Middle,0
33,80048,63095,0.83,6,0,Salaried,Middle,1
45,138130,18749,0.88,4,4,Self-Employed,Middle,1
39,65940,68217,0.95,6,0,Self-Employed,Middle,0
56,55142,14045,0.19,1,1,Self-Employed,Senior,0
28,51468,25116,0.83,0,3,Salaried,Young,0
49,144048,23667,0.29,9,4,Salaried,Middle,1
52,57056,79205,0.58,7,1,Salaried,Senior,0
64,66831,32302,0.51,0,2,Unemployed,Senior,0
38,74191,16283,0.07,1,4,Salaried,Middle,0
26,136948,35935,0.89,9,4,Self-Employed,Young,1
38,123117,77534,0.12,5,5,Salaried,Middle,1
39,29671,36624,0.67,0,3,Unemployed,Middle,0
42,42048,18440,0.76,9,4,Self-Employed,Middle,0
57,40963,51501,0.77,2,3,Salaried,Senior,0
52,58954,6269,0.17,6,1,Self-Employed,Senior,1
61,110430,12868,0.45,7,2,Salaried,Senior,1
23,15717,35251,0.8,3,2,Salaried,Young,0
48,26676,43729,0.32,2,4,Salaried,Middle,0
30,133696,20734,0.47,0,4,Unemployed,Middle,0
55,145830,47429,0.3,8,1,Unemployed,Senior,1
49,19994,46337,0.47,9,5,Salaried,Middle,0
35,19234,45325,0.85,5,5,Self-Employed,Middle,0
53,84300,67514,0.46,5,5,Self-Employed,Senior,0
27,58949,13433,0.55,8,3,Self-Employed,Young,1
32,52405,14111,0.41,0,5,Salaried,Middle,0
50,49872,68753,0.46,5,2,Salaried,Senior,0
41,57215,78620,0.06,4,3,Self-Employed,Middle,0
51,38185,26751,0.31,5,1,Salaried,Senior,1
44,56153,21453,0.44,7,2,Salaried,Middle,1
40,92535,43968,0.62,4,2,Self-Employed,Middle,0
57,148653,35077,0.46,1,0,Salaried,Senior,1
24,66717,39775,0.35,1,1,Unemployed,Young,0
48,17763,63144,0.4,9,1,Salaried,Middle,1
64,107910,53570,0.27,4,0,Unemployed,Senior,1
40,70480,51097,0.88,2,3,Salaried,Middle,0
44,133094,29503,0.52,9,5,Salaried,Middle,1
52,26064,7779,0.06,2,5,Salaried,Senior,0
61,91848,5755,0.07,7,5,Self-Employed,Senior,1
56,52548,44263,0.93,6,5,Self-Employed,Senior,0
54,21476,60087,0.25,0,5,Salaried,Senior,0
56,105101,47281,0.78,4,0,Salaried,Senior,1
22,17382,56482,0.1,8,1,Self-Employed,Young,0
35,94698,59857,0.88,3,3,Salaried,Middle,0
54,60095,22400,0.84,0,2,Self-Employed,Senior,0
56,144974,45115,0.56,7,5,Salaried,Senior,1
26,42197,19249,0.06,4,0,Self-Employed,Young,1
59,142619,51825,0.28,1,3,Self-Employed,Senior,0
62,37010,29600,0.42,0,3,Unemployed,Senior,0
32,102923,42706,0.46,2,3,Self-Employed,Middle,0
23,148962,24222,0.32,8,0,Salaried,Young,1
38,145526,46139,0.08,0,2,Salaried,Middle,1
60,124162,46302,0.58,3,5,Self-Employed,Senior,0
41,135927,73159,0.52,7,3,Salaried,Middle,1
35,23026,13646,0.3,7,0,Self-Employed,Middle,0
53,79925,18543,0.08,9,1,Self-Employed,Senior,1
55,83842,27785,0.95,7,0,Salaried,Senior,1
46,48665,36406,0.48,9,0,Salaried,Middle,1
28,24277,56428,0.73,7,0,Salaried,Young,0
56,63008,28777,0.46,3,3,Salaried,Senior,0
50,29683,62939,0.09,7,0,Salaried,Senior,1
43,146742,58026,0.33,8,1,Salaried,Middle,1
62,93542,34553,0.34,6,3,Salaried,Senior,1
64,69319,28548,0.8,1,1,Salaried,Senior,0
34,107067,68221,0.64,8,4,Salaried,Middle,1
34,83975,42265,0.3,7,0,Salaried,Middle,1
22,116158,45701,0.92,4,5,Salaried,Young,0
57,26577,56287,0.34,2,5,Self-Employed,Senior,0
25,92299,11727,0.95,6,3,Salaried,Young,1
58,35176,55717,0.95,1,5,Salaried,Senior,0
61,78972,37427,0.22,2,3,Self-Employed,Senior,0
34,135018,21692,0.33,8,0,Unemployed,Middle,1
59,34996,36625,0.49,3,2,Salaried,Senior,0
45,115922,29918,0.65,3,2,Salaried,Middle,1
40,101598,46136,0.53,2,1,Salaried,Middle,1
22,50931,57409,0.92,4,0,Salaried,Young,0
59,139168,20577,0.7,2,5,Unemployed,Senior,0
26,138099,32689,0.24,8,0,Self-Employed,Young,1
37,49693,16154,0.14,2,4,Self-Employed,Middle,0
45,123944,26341,0.67,1,2,Salaried,Middle,0
48,32374,79681,0.19,4,5,Self-Employed,Middle,0
22,96471,51330,0.76,5,2,Salaried,Young,1
55,60913,73416,0.33,0,0,Salaried,Senior,0
57,138683,38313,0.34,5,5,Salaried,Senior,1
25,59516,51900,0.06,9,1,Salaried,Young,1
21,102796,39695,0.68,2,0,Salaried,Young,1
60,41069,35225,0.15,3,1,Self-Employed,Senior,0
32,133333,54156,0.75,5,5,Salaried,Middle,1
56,99811,32829,0.49,7,2,Salaried,Senior,1
43,133028,30938,0.76,8,4,Salaried,Middle,1
51,54178,64164,0.58,5,3,Salaried,Senior,0
31,47821,59530,0.12,6,2,Self-Employed,Middle,1
30,31999,73199,0.74,4,1,Self-Employed,Middle,0
23,53712,65282,0.11,8,0,Self-Employed,Young,1
34,48722,52801,0.48,3,5,Salaried,Middle,0
36,25625,14465,0.21,9,2,Self-Employed,Middle,0
30,21859,8326,0.73,5,4,Self-Employed,Middle,0
49,125986,8659,0.87,4,5,Salaried,Middle,1
30,36839,65289,0.55,0,1,Salaried,Middle,0
32,42216,32594,0.52,4,5,Self-Employed,Middle,0
50,67953,9763,0.74,4,5,Salaried,Senior,0
61,64522,15828,0.05,8,0,Salaried,Senior,1
21,126249,52588,0.88,0,3,Salaried,Young,0
25,22485,16221,0.23,4,1,Salaried,Young,0
40,127701,16211,0.94,6,0,Salaried,Middle,1
28,117638,18569,0.71,5,3,Salaried,Young,1
63,27226,42860,0.75,5,0,Self-Employed,Senior,0
32,108405,76558,0.64,6,3,Salaried,Middle,1
21,37588,50337,0.47,5,3,Self-Employed,Young,0
40,52019,57311,0.56,4,3,Salaried,Middle,0
48,80133,18515,0.09,9,0,Unemployed,Middle,1
63,129444,76695,0.61,4,5,Unemployed,Senior,0
57,132603,29904,0.61,8,3,Self-Employed,Senior,1
57,143585,64935,0.85,7,5,Unemployed,Senior,0
32,58395,48790,0.51,9,1,Self-Employed,Middle,1
57,140814,73580,0.12,3,4,Self-Employed,Senior,1
64,127599,10636,0.33,3,5,Salaried,Senior,1
48,40939,7892,0.64,9,4,Salaried,Middle,1
35,15203,26672,0.27,4,3,Self-Employed,Middle,0
26,44063,10812,0.3,2,4,Salaried,Young,0
64,105880,5654,0.79,7,4,Self-Employed,Senior,1
40,18748,59633,0.58,6,3,Self-Employed,Middle,0
34,132269,22143,0.51,4,5,Salaried,Middle,1
22,95764,60934,0.34,9,3,Self-Employed,Young,1
29,123036,72334,0.71,2,1,Salaried,Young,1
57,131525,34087,0.31,4,2,Salaried,Senior,1
40,100679,16618,0.71,2,0,Salaried,Middle,1
46,140829,13446,0.11,9,3,Salaried,Middle,1
49,143216,53867,0.83,4,3,Salaried,Middle,1
21,148175,56028,0.5,0,4,Salaried,Young,1
55,80901,65101,0.44,5,1,Salaried,Senior,1
26,113046,32200,0.6,9,4,Self-Employed,Young,1
57,105012,66465,0.61,3,5,Self-Employed,Senior,0
25,93278,44148,0.17,3,3,Salaried,Young,1
53,27391,25698,0.73,7,3,Salaried,Senior,0
34,117476,47470,0.3,1,4,Self-Employed,Middle,0
32,135721,56660,0.86,3,3,Self-Employed,Middle,1
62,112537,58910,0.79,1,5,Salaried,Senior,0
40,96159,40450,0.36,0,2,Salaried,Middle,0
44,146040,61463,0.78,9,0,Self-Employed,Middle,1
63,50503,38757,0.37,2,0,Self-Employed,Senior,0
54,90403,75247,0.14,7,0,Salaried,Senior,1
45,79286,77015,0.92,5,2,Salaried,Middle,0
49,89842,36390,0.64,6,3,Salaried,Middle,1
59,119927,61116,0.46,1,4,Self-Employed,Senior,0
51,29908,18161,0.41,5,1,Salaried,Senior,1
63,52228,37152,0.34,7,3,Salaried,Senior,1
43,38386,25836,0.93,7,2,Salaried,Middle,0
64,43302,71543,0.17,3,5,Unemployed,Senior,0
58,75815,60648,0.33,5,2,Self-Employed,Senior,1
40,78344,31331,0.49,4,0,Self-Employed,Middle,1
43,126603,15763,0.48,8,3,Self-Employed,Middle,1
36,76114,74444,0.47,7,0,Salaried,Middle,1
62,40525,24187,0.21,1,1,Unemployed,Senior,0
28,94818,16957,0.18,6,5,Salaried,Young,1
41,129589,9379,0.28,6,0,Self-Employed,Middle,1
21,109715,32959,0.87,0,1,Salaried,Young,0
28,21644,32105,0.15,0,2,Salaried,Young,0
49,116154,5877,0.73,3,0,Salaried,Middle,1
52,58469,53353,0.73,4,0,Self-Employed,Senior,0
58,121609,56567,0.78,3,4,Self-Employed,Senior,0
25,80206,62913,0.85,6,5,Salaried,Young,0
42,111462,7637,0.29,2,5,Salaried,Middle,0
54,98178,77778,0.25,6,2,Unemployed,Senior,1
21,101724,47025,0.47,7,4,Salaried,Young,1
46,111393,33742,0.29,5,1,Self-Employed,Middle,1
63,142314,16831,0.71,5,1,Self-Employed,Senior,1
30,91312,51762,0.62,7,2,Salaried,Middle,1
50,90324,23830,0.84,7,5,Salaried,Senior,1
38,86196,60044,0.12,6,1,Salaried,Middle,1
37,85014,78948,0.87,5,2,Salaried,Middle,1
46,48340,74202,0.31,5,1,Salaried,Middle,0
28,54850,42045,0.49,9,3,Salaried,Young,1
60,128711,76051,0.44,5,0,Salaried,Senior,1
32,26094,31627,0.73,7,5,Self-Employed,Middle,0
47,102959,20198,0.43,0,3,Self-Employed,Middle,0
28,20741,74521,0.9,4,2,Salaried,Young,0
45,126585,34475,0.86,2,2,Salaried,Middle,1
24,137564,24403,0.83,7,3,Salaried,Young,1
53,83798,8681,0.11,5,0,Salaried,Senior,1
21,131026,47292,0.82,1,0,Self-Employed,Young,1
39,125130,10629,0.75,6,4,Salaried,Middle,1
51,37164,13417,0.14,6,1,Self-Employed,Senior,1
36,45257,39765,0.15,4,4,Salaried,Middle,0
34,110989,79499,0.14,7,0,Self-Employed,Middle,1
25,67691,61574,0.06,4,3,Salaried,Young,1
61,94768,32675,0.54,0,1,Self-Employed,Senior,0
46,29026,77267,0.93,8,3,Unemployed,Middle,0
48,45908,45563,0.44,3,4,Self-Employed,Middle,0
22,34610,16332,0.54,1,2,Self-Employed,Young,0
26,78185,24177,0.92,3,3,Salaried,Young,0
29,87567,73447,0.28,8,4,Unemployed,Young,1
53,51182,62104,0.82,1,4,Salaried,Senior,0
61,131136,9951,0.54,3,4,Salaried,Senior,1
45,146642,33333,0.56,1,2,Salaried,Middle,1
33,34288,26673,0.36,4,2,Unemployed,Middle,0
29,93824,45870,0.56,2,2,Self-Employed,Young,0
33,99425,76101,0.12,9,1,Unemployed,Middle,1
51,15917,27821,0.74,1,2,Self-Employed,Senior,0
61,90602,30494,0.31,8,2,Salaried,Senior,1
31,79575,79160,0.85,4,2,Unemployed,Middle,0
24,87518,5835,0.38,9,3,Unemployed,Young,1
54,54104,23646,0.18,4,2,Salaried,Senior,1
58,31999,42335,0.68,0,1,Salaried,Senior,0
24,76169,74351,0.2,5,4,Self-Employed,Young,0
58,144744,7429,0.73,6,3,Unemployed,Senior,1
39,125684,46950,0.92,0,0,Self-Employed,Middle,0
26,74821,65654,0.75,8,2,Self-Employed,Young,1
54,27192,73143,0.07,7,4,Unemployed,Senior,0
38,89102,36099,0.59,7,4,Self-Employed,Middle,1
33,129894,44385,0.68,6,3,Self-Employed,Middle,1
61,101795,40919,0.79,4,0,Self-Employed,Senior,1
43,81677,65782,0.1,2,5,Salaried,Middle,0
